,Date,Open,High,Low,Close,Volume,Tenkan,Kijun,Senkou_A,Senkou_B,Chikou,EMA_55,EMA_99,EMA_222,Score
0,2020-06-24 22:50:00,9279.04,9289.0,9279.04,9286.62,455.294,,,,,9301.0,9286.62,9286.62,9286.62,0
1,2020-06-24 22:55:00,9286.62,9298.99,9286.24,9298.71,660.1239999999998,,,,,9302.03,9287.051785714288,9286.8618,9286.728430493275,0
2,2020-06-24 23:00:00,9298.72,9304.48,9296.24,9296.64,930.47,,,,,9299.44,9287.394221938779,9287.057364,9286.817323493335,0
3,2020-06-24 23:05:00,9296.65,9299.97,9293.34,9299.21,337.821,,,,,9290.01,9287.816214012395,9287.300416720002,9286.928468574111,0
4,2020-06-24 23:10:00,9299.2,9320.0,9299.2,9311.25,1054.784,,,,,9286.65,9288.653134940525,9287.779408385602,9287.146598900801,0
5,2020-06-24 23:15:00,9311.25,9320.0,9310.0,9311.66,343.8769999999999,,,,,9284.82,9289.474808692648,9288.25702021789,9287.366450031735,0
6,2020-06-24 23:20:00,9311.66,9314.65,9306.5,9309.05,311.3590000000001,,,,,9289.08,9290.173922667911,9288.672879813534,9287.5609213319,0
7,2020-06-24 23:25:00,9309.06,9328.0,9305.33,9313.64,834.6469999999998,,,,,9278.99,9291.011996858342,9289.172222217263,9287.794814414125,0
8,2020-06-24 23:30:00,9314.01,9320.0,9314.0,9318.21,155.67,,,,,9280.68,9291.983354113401,9289.752977772918,9288.067596347631,0
9,2020-06-24 23:35:00,9318.21,9318.21,9310.13,9310.14,234.24,,,,,9284.03,9292.631805752208,9290.160718217458,9288.265555124783,0
10,2020-06-24 23:40:00,9310.13,9319.43,9310.13,9315.99,173.081,,,,,9272.01,9293.466026975344,9290.677303853108,9288.514204854604,0
11,2020-06-24 23:45:00,9315.99,9317.48,9273.43,9287.95,1474.821,,,,,9283.06,9293.269026011938,9290.622757776046,9288.509144721378,0
12,2020-06-24 23:50:00,9287.95,9287.96,9281.89,9286.86,220.766,,,,,9271.62,9293.040132225797,9290.547502620524,9288.494354185761,0
13,2020-06-24 23:55:00,9286.86,9318.21,9279.32,9298.4,5641.675,,,,,9247.64,9293.231556074876,9290.704552568113,9288.583194058534,0
14,2020-06-25 00:00:00,9298.78,9298.9,9277.73,9280.62,1021.026,,,,,9259.58,9292.781143357917,9290.50286151675,9288.51177527774,0
15,2020-06-25 00:05:00,9280.61,9295.93,9280.61,9284.16,367.534,,,,,9262.87,9292.473245380848,9290.376004286414,9288.472745903053,0
16,2020-06-25 00:10:00,9284.17,9299.17,9268.85,9287.21,2013.544,,,,,9257.28,9292.285272331534,9290.312684200684,9288.461420827689,0
17,2020-06-25 00:15:00,9287.21,9291.99,9278.1,9283.56,277.436,,,,,9266.0,9291.97365546255,9290.177630516671,9288.417461896499,0
18,2020-06-25 00:20:00,9283.5,9294.0,9283.5,9291.58,301.58,,,,,9257.9,9291.95959633889,9290.205677906337,9288.445825466935,0
19,2020-06-25 00:25:00,9291.56,9297.58,9291.4,9296.24,187.807,9298.425,,,,9257.95,9292.112467898214,9290.326364348211,9288.515728377544,0
20,2020-06-25 00:30:00,9296.24,9297.02,9284.88,9285.63,201.57,9298.425,,,,9234.43,9291.880951187562,9290.232437061248,9288.489847405548,0
21,2020-06-25 00:35:00,9285.63,9285.65,9270.5,9270.5,579.715,9298.425,,,,9187.59,9291.117345788007,9289.837788320023,9288.32850348263,0
22,2020-06-25 00:40:00,9270.51,9275.74,9270.5,9272.25,379.902,9298.425,,,,9118.37,9290.443512009864,9289.486032553621,9288.184301657673,0
23,2020-06-25 00:45:00,9272.24,9284.45,9250.0,9275.83,1665.3429999999996,9289.0,,,,9139.25,9289.921600866655,9289.212911902549,9288.073500745944,0
24,2020-06-25 00:50:00,9275.84,9283.62,9272.29,9272.29,293.765,9289.0,,,,9139.85,9289.291900835704,9288.874453664497,9287.931944685442,0
25,2020-06-25 00:55:00,9271.89,9275.82,9264.27,9272.61,322.93,9289.0,,,,9106.71,9288.696118663,9288.549164591206,9287.794528141178,0
26,2020-06-25 01:00:00,9272.61,9285.38,9272.6,9285.37,253.001,9289.0,,,,9048.32,9288.577328710751,9288.485581299381,9287.77278349417,0
27,2020-06-25 01:05:00,9285.37,9293.64,9285.37,9290.0,322.659,9285.0,,,,9071.78,9288.628138399652,9288.515869673392,9287.792758530097,0
28,2020-06-25 01:10:00,9289.99,9294.42,9288.47,9288.99,154.958,9284.715,,,,9088.1,9288.641062028237,9288.525352279925,9287.803496121755,0
29,2020-06-25 01:15:00,9289.0,9290.68,9285.93,9290.5,162.594,9284.715,,,,9068.71,9288.707452670085,9288.564845234325,9287.827680013039,0
30,2020-06-25 01:20:00,9290.14,9309.31,9290.13,9301.0,814.352,9284.105,,,,9112.73,9289.146472217582,9288.81354832964,9287.945817412025,0
31,2020-06-25 01:25:00,9301.0,9310.23,9298.1,9302.03,473.02,9284.105,,,,9099.65,9289.606598209812,9289.077877363046,9288.072132950929,0
32,2020-06-25 01:30:00,9302.38,9303.8,9293.91,9299.44,271.401,9284.105,,,,9116.96,9289.95779113089,9289.285119815784,9288.174086915495,0
33,2020-06-25 01:35:00,9299.43,9301.24,9288.94,9290.01,408.721,9280.115,,,,9144.64,9289.959655733357,9289.299617419469,9288.190552503695,0
34,2020-06-25 01:40:00,9290.01,9290.01,9284.4,9286.65,273.772,9280.115,,,,9139.37,9289.84145374288,9289.246625071079,9288.176735889312,0
35,2020-06-25 01:45:00,9286.71,9287.84,9284.0,9284.82,182.444,9280.115,,,,9137.37,9289.662116109206,9289.158092569658,9288.1466306347,0
36,2020-06-25 01:50:00,9284.82,9289.72,9284.81,9289.08,190.73,9280.115,,,,9103.13,9289.641326248164,9289.156530718265,9288.155001660398,0
37,2020-06-25 01:55:00,9289.08,9292.24,9277.22,9278.99,250.505,9280.115,,,,9119.66,9289.2609217393,9288.953200103899,9288.07280433609,0
38,2020-06-25 02:00:00,9278.98,9284.0,9278.12,9280.68,350.81699999999995,9280.115,,,,9132.75,9288.95446024861,9288.787736101822,9288.006501158188,0
39,2020-06-25 02:05:00,9280.66,9287.23,9278.26,9284.03,235.676,9280.115,,,,9131.24,9288.778586668303,9288.692581379784,9287.970837470672,0
40,2020-06-25 02:10:00,9284.03,9284.04,9272.0,9272.01,227.528,9280.115,,,,9133.0,9288.179708573005,9288.358929752187,9287.827690946271,0
41,2020-06-25 02:15:00,9272.0,9283.06,9272.0,9283.06,223.005,9280.115,,,,9124.86,9287.996861838255,9288.252951157143,9287.784931386215,0
42,2020-06-25 02:20:00,9283.39,9283.76,9271.2,9271.62,157.241,9280.115,,,,9118.99,9287.411973915461,9287.920292134,9287.63995442311,0
43,2020-06-25 02:25:00,9271.87,9271.88,9242.16,9247.64,2215.771,9276.195,,,,9110.87,9285.991546275623,9287.11468629132,9287.281210437252,0
44,2020-06-25 02:30:00,9247.63,9261.73,9229.44,9259.58,1738.7879999999998,9269.835,,,,9104.81,9285.04827676578,9286.563992565492,9287.032769088037,0
45,2020-06-25 02:35:00,9259.88,9264.35,9255.0,9262.87,411.557,9269.835,,,,9121.32,9284.256195452715,9286.090112714182,9286.816062638816,0
46,2020-06-25 02:40:00,9262.87,9263.98,9256.0,9257.28,279.994,9269.835,,,,9126.42,9283.292759900833,9285.513910459898,9286.551165216048,0
47,2020-06-25 02:45:00,9257.28,9270.0,9257.27,9266.0,363.176,9269.835,,,,9132.53,9282.675161332945,9285.1236322507,9286.366849832943,0
48,2020-06-25 02:50:00,9266.01,9266.01,9257.9,9257.9,188.234,9269.835,,,,9127.4,9281.790334142483,9284.579159605684,9286.111541762693,0
49,2020-06-25 02:55:00,9257.89,9267.97,9255.31,9257.95,476.4,9269.835,,,,9164.04,9280.938893637394,9284.04657641357,9285.858971881413,0
50,2020-06-25 03:00:00,9257.64,9259.0,9210.0,9234.43,2941.567,9260.115,,,,9170.74,9279.277861721774,9283.054244885298,9285.397725496825,0
51,2020-06-25 03:05:00,9234.43,9234.86,9130.0,9187.59,10353.417,9216.9,,,,9173.79,9276.00329523171,9281.144959987592,9284.520526165015,0
52,2020-06-25 03:10:00,9187.9,9189.75,9102.58,9118.37,8611.851,9201.91,,,,9184.26,9270.373534687722,9277.88946078784,9283.030386916898,0
53,2020-06-25 03:15:00,9118.7,9159.53,9090.0,9139.25,4470.323,9191.119999999999,,,,9176.42,9265.69055130602,9275.116671572083,9281.740876720334,0
54,2020-06-25 03:20:00,9139.01,9143.99,9121.0,9139.85,1545.415,9191.119999999999,,,,9178.79,9261.196245902232,9272.411338140642,9280.46831280356,0
55,2020-06-25 03:25:00,9139.84,9140.98,9098.47,9106.71,2228.216,9191.119999999999,,,,9176.0,9255.678879977153,9269.09731137783,9278.909942285141,0
56,2020-06-25 03:30:00,9106.83,9108.35,9040.0,9048.32,9469.893,9166.119999999999,,,,9190.45,9248.273205692254,9264.681765150272,9276.841871053884,0
57,2020-06-25 03:35:00,9048.32,9075.0,9005.0,9071.78,7785.618,9146.115,,,,9182.51,9241.969876917532,9260.823729847267,9275.002751134118,0
58,2020-06-25 03:40:00,9071.9,9091.21,9057.48,9088.1,1960.558,9146.115,,,,9183.44,9236.474524170479,9257.369255250322,9273.326493276412,0
59,2020-06-25 03:45:00,9088.1,9089.36,9053.38,9068.71,1798.984,9144.52,9166.5,,,9164.09,9230.482934021533,9253.596070145315,9271.491367776176,-1
60,2020-06-25 03:50:00,9068.72,9121.0,9068.7,9112.73,2276.1710000000007,9144.380000000001,9166.5,,,9163.35,9226.277472092193,9250.778748742408,9270.067499006884,-1
61,2020-06-25 03:55:00,9112.86,9112.94,9094.29,9099.65,1341.308,9144.380000000001,9166.5,,,9174.42,9221.755062374614,9247.75617376756,9268.539090944041,-1
62,2020-06-25 04:00:00,9099.65,9120.68,9089.24,9116.96,1598.134,9138.439999999999,9166.5,,,9182.99,9218.01238157552,9245.14025029221,9267.1796372136,-1
63,2020-06-25 04:05:00,9116.89,9148.39,9113.15,9144.64,2339.76,9137.5,9166.5,,,9181.04,9215.391939376394,9243.130245286366,9266.080627014373,-1
64,2020-06-25 04:10:00,9144.84,9156.25,9131.0,9139.37,1890.535,9137.5,9166.5,,,9177.26,9212.676870112951,9241.055040380637,9264.944208834871,-1
65,2020-06-25 04:15:00,9139.37,9145.0,9129.52,9137.37,1085.507,9137.5,9166.5,,,9186.4,9209.987339037489,9238.981339573025,9263.800045526936,-1
66,2020-06-25 04:20:00,9137.38,9137.38,9103.0,9103.13,2199.464,9137.5,9166.5,,,9187.47,9206.171005500435,9236.264312781565,9262.359058571537,-1
67,2020-06-25 04:25:00,9103.13,9121.93,9102.26,9119.66,1066.634,9136.485,9162.5,,,9180.85,9203.081326732563,9233.932226525934,9261.07924638704,-1
68,2020-06-25 04:30:00,9119.95,9133.0,9108.73,9132.75,784.6439999999999,9136.485,9162.215,,,9168.8,9200.569493634972,9231.908581995416,9259.928311441865,-1
69,2020-06-25 04:35:00,9132.85,9133.13,9122.62,9131.24,399.921,9132.0,9162.215,,,9166.0,9198.093440290866,9229.895210355508,9258.774156182295,-1
70,2020-06-25 04:40:00,9131.05,9136.87,9125.09,9133.0,335.1690000000001,9119.93,9161.605,,,9154.22,9195.768674566192,9227.957306148397,9257.646136844338,-1
71,2020-06-25 04:45:00,9133.01,9139.0,9122.69,9124.86,658.575,9097.375,9161.605,,,9149.04,9193.236221903115,9225.895360025428,9256.455229787438,-1
72,2020-06-25 04:50:00,9124.5,9124.5,9115.22,9118.99,578.109,9082.265,9161.605,,,9153.72,9190.58457112086,9223.75725282492,9255.222357771407,-1
73,2020-06-25 04:55:00,9118.99,9120.0,9110.87,9110.87,569.325,9080.625,9157.615,,,9146.1,9187.737622152259,9221.499507768422,9253.927717791394,-1
74,2020-06-25 05:00:00,9110.87,9116.92,9096.27,9104.81,1194.73,9080.625,9157.615,,,9165.11,9184.775921361106,9219.165717613054,9252.590339156493,-1
75,2020-06-25 05:05:00,9104.82,9121.32,9100.85,9121.32,796.576,9080.625,9157.615,,,9170.87,9182.509638455353,9217.208803260794,9251.41302669769,-1
76,2020-06-25 05:10:00,9121.1,9128.44,9118.92,9126.42,707.398,9080.625,9157.615,,,9175.83,9180.506437081947,9215.393027195576,9250.292013005334,-1
77,2020-06-25 05:15:00,9126.43,9132.95,9126.42,9132.53,400.716,9104.814999999999,9157.615,,,9174.98,9178.79299290045,9213.735766651665,9249.235851453715,-1
78,2020-06-25 05:20:00,9132.53,9133.0,9126.88,9127.4,448.142,9104.814999999999,9157.615,,,9163.88,9176.957528868292,9212.009051318633,9248.1431532344,-1
79,2020-06-25 05:25:00,9127.41,9167.87,9126.88,9164.04,1635.564,9118.285,9157.615,,,9169.44,9176.496188551568,9211.049670292261,9247.388864864583,1
80,2020-06-25 05:30:00,9162.69,9176.0,9158.38,9170.74,1551.846,9132.619999999999,9157.615,,,9250.77,9176.290610389013,9210.243476886417,9246.701431098982,1
81,2020-06-25 05:35:00,9170.71,9186.53,9157.97,9173.79,2197.542,9137.885,9157.615,,,9245.62,9176.201302875119,9209.514407348688,9246.047516918721,1
82,2020-06-25 05:40:00,9173.78,9195.7,9166.25,9184.26,1500.8270000000002,9145.985,9157.615,,,9256.89,9176.489113486723,9209.009319201714,9245.49336878492,1
83,2020-06-25 05:45:00,9184.27,9188.78,9172.99,9176.42,890.951,9145.985,9157.615,,,9274.1,9176.486645147912,9208.35753281768,9244.873876688194,1
84,2020-06-25 05:50:00,9176.59,9179.98,9165.26,9178.79,555.332,9145.985,9157.615,,,9274.51,9176.5689078212,9207.766182161326,9244.28119617978,1
85,2020-06-25 05:55:00,9178.8,9179.0,9172.85,9176.0,648.224,9145.985,9157.615,,,9280.0,9176.54858968473,9207.1308585181,9243.668808770095,1
86,2020-06-25 06:00:00,9176.0,9193.9,9175.5,9190.45,1255.735,9145.985,9157.615,,,9275.31,9177.04506862456,9206.797241347736,9243.191510036731,1
87,2020-06-25 06:05:00,9191.03,9195.38,9175.73,9182.51,867.8560000000001,9145.985,9157.615,,,9279.6,9177.240244745113,9206.311496520782,9242.647281247166,1
88,2020-06-25 06:10:00,9182.5,9190.06,9182.0,9183.44,360.966,9145.985,9157.615,,,9311.36,9177.461664575645,9205.854066590366,9242.116274240463,1
89,2020-06-25 06:15:00,9183.45,9183.45,9160.92,9164.09,1072.774,9145.985,9157.615,9155.51,,9297.95,9176.984105126514,9205.018785258559,9241.416487027544,1
90,2020-06-25 06:20:00,9164.09,9170.56,9162.16,9163.35,365.935,9145.985,9157.615,9155.44,,9298.79,9176.497172800568,9204.185409553387,9240.716339161825,1
91,2020-06-25 06:25:00,9163.33,9176.57,9162.02,9174.42,513.2719999999998,9145.985,9154.4,9155.44,,9297.9,9176.42298805769,9203.590101362319,9240.121753160374,1
92,2020-06-25 06:30:00,9174.38,9183.0,9174.16,9182.99,598.22,9145.985,9153.119999999999,9152.47,,9288.71,9176.657524198486,9203.178099335071,9239.609360755348,1
93,2020-06-25 06:35:00,9183.0,9185.0,9177.01,9181.04,423.449,9145.985,9148.619999999999,9152.0,,9286.13,9176.8140411914,9202.735337348371,9239.084075008663,1
94,2020-06-25 06:40:00,9181.03,9182.0,9176.99,9177.26,188.226,9148.275000000001,9148.619999999999,9152.0,,9281.6,9176.829968291708,9202.225830601405,9238.529598999616,1
95,2020-06-25 06:45:00,9177.37,9188.88,9177.37,9186.4,518.061,9157.310000000001,9148.619999999999,9152.0,,9282.59,9177.171755138434,9201.909313989376,9238.062068963745,1
96,2020-06-25 06:50:00,9186.36,9192.9,9186.09,9187.47,454.244,9161.060000000001,9148.619999999999,9152.0,,9289.76,9177.539549597775,9201.620527709589,9237.608328434922,1
97,2020-06-25 06:55:00,9187.37,9190.0,9177.7,9180.85,404.957,9161.29,9146.115,9149.4925,,9278.66,9177.657779969284,9201.205117155398,9237.099285130573,1
98,2020-06-25 07:00:00,9180.84,9184.73,9167.54,9168.8,643.766,9161.29,9146.115,9149.35,,9277.3,9177.341430684668,9200.55701481229,9236.486735488146,1
99,2020-06-25 07:05:00,9168.88,9169.21,9165.0,9166.0,433.108,9176.835,9144.52,9147.1075,,9278.37,9176.936379588788,9199.865874516043,9235.854567456863,1
100,2020-06-25 07:10:00,9166.0,9166.01,9143.78,9154.22,1297.128,9169.740000000002,9144.380000000001,9140.7675,,9274.0,9176.12508031776,9198.952957025722,9235.122418869805,1
101,2020-06-25 07:15:00,9154.22,9161.09,9147.58,9149.04,624.6030000000002,9169.740000000002,9144.380000000001,9129.49,,9282.0,9175.157756020697,9197.954697885207,9234.350379238685,1
102,2020-06-25 07:20:00,9149.05,9154.75,9137.64,9153.72,1039.158,9166.509999999998,9138.439999999999,9121.935,,9282.89,9174.392121877101,9197.070003927502,9233.627236823988,1
103,2020-06-25 07:25:00,9153.73,9158.0,9146.07,9146.1,489.036,9166.509999999998,9137.5,9119.119999999999,,9254.45,9173.381688952919,9196.050603848951,9232.84223918431,1
104,2020-06-25 07:30:00,9146.1,9166.7,9146.1,9165.11,617.945,9166.509999999998,9137.5,9119.119999999999,,9267.22,9173.086271490316,9195.431791771973,9232.234775155752,1
105,2020-06-25 07:35:00,9165.51,9180.99,9165.51,9170.87,605.81,9166.509999999998,9137.5,9119.119999999999,,9253.79,9173.00711893709,9194.940555936533,9231.684418427898,1
106,2020-06-25 07:40:00,9170.87,9180.0,9170.87,9175.83,429.021,9166.509999999998,9137.5,9119.119999999999,,9265.87,9173.107936117909,9194.558344817804,9231.183481939754,1
107,2020-06-25 07:45:00,9175.83,9183.1,9173.58,9174.98,414.025,9165.27,9136.485,9131.215,,9260.74,9173.174795542269,9194.166777921448,9230.679414837155,1
108,2020-06-25 07:50:00,9174.98,9177.29,9162.71,9163.88,359.097,9165.27,9136.485,9131.215,,9261.56,9172.842838558616,9193.561042363019,9230.08031694624,1
109,2020-06-25 07:55:00,9163.87,9169.85,9162.58,9169.44,268.907,9165.27,9132.0,9137.95,,9256.0,9172.721308610093,9193.078621515759,9229.53645760143,1
110,2020-06-25 08:00:00,9169.44,9259.0,9169.44,9250.77,6814.335,9198.32,9132.0,9145.1175,,9273.31,9175.508761874018,9194.232449085444,9229.726892959265,1
111,2020-06-25 08:05:00,9250.78,9268.8,9237.07,9245.62,2425.605,9203.22,9136.9,9147.75,,9271.99,9178.012734664233,9195.260200103734,9229.869432035865,1
112,2020-06-25 08:10:00,9245.13,9262.54,9245.13,9256.89,1623.118,9203.22,9136.9,9151.8,,9270.21,9180.829779854797,9196.49279610166,9230.111768968278,1
113,2020-06-25 08:15:00,9256.88,9280.0,9256.88,9274.1,3133.545,9208.82,9142.5,9151.8,,9259.73,9184.160859145699,9198.044940179627,9230.506282251074,1
114,2020-06-25 08:20:00,9274.1,9287.82,9259.01,9274.51,2119.689,9212.73,9146.41,9151.8,,9259.72,9187.38761417621,9199.574241376034,9230.900934428193,1
115,2020-06-25 08:25:00,9274.62,9284.39,9270.12,9280.0,1255.623,9212.73,9146.41,9151.8,,9265.79,9190.695199384201,9201.182756548515,9231.341284792066,1
116,2020-06-25 08:30:00,9280.0,9303.13,9273.35,9275.31,2247.206,9220.384999999998,9154.064999999999,9151.8,,9255.84,9193.717156549052,9202.665301417544,9231.735623045053,1
117,2020-06-25 08:35:00,9275.32,9295.9,9275.0,9279.6,1224.894,9220.384999999998,9178.255,9151.8,,9259.06,9196.784400958013,9204.203995389194,9232.164899968415,1
118,2020-06-25 08:40:00,9279.53,9315.0,9279.53,9311.36,2007.683,9226.32,9184.189999999999,9151.8,,9268.29,9200.876386638085,9206.34711548141,9232.875169923855,1
119,2020-06-25 08:45:00,9311.72,9333.12,9291.7,9297.95,3659.424,9235.380000000001,9200.91,9151.8,,9270.46,9204.34330140101,9208.179173171782,9233.458800686869,1
120,2020-06-25 08:50:00,9296.69,9300.61,9289.06,9298.79,826.352,9235.380000000001,9211.18,9151.8,,9267.55,9207.716397779546,9209.991389708346,9234.04473072555,1
121,2020-06-25 08:55:00,9299.05,9301.85,9285.0,9297.9,683.572,9235.380000000001,9211.18,9150.192500000001,,9272.65,9210.937240715992,9211.74956191418,9234.617423723528,1
122,2020-06-25 09:00:00,9297.9,9312.98,9288.0,9288.71,1165.1,9239.595000000001,9214.695,9149.5525,,9278.29,9213.71483926185,9213.288770675896,9235.102558936771,1
123,2020-06-25 09:05:00,9288.56,9300.0,9285.32,9286.13,626.286,9239.61,9214.695,9147.3025,,9289.15,9216.301095002496,9214.745595262377,9235.5602041481,1
124,2020-06-25 09:10:00,9286.16,9291.86,9281.6,9281.6,645.644,9247.85,9214.695,9148.4475,,9279.75,9218.633198752408,9216.082683357128,9235.973117115382,1
125,2020-06-25 09:15:00,9281.6,9291.62,9279.19,9282.59,716.797,9247.85,9214.695,9152.965,,9274.0,9220.917370225536,9217.412829689985,9236.391205751117,1
126,2020-06-25 09:20:00,9282.6,9290.0,9271.24,9289.76,815.8,9247.85,9214.695,9154.84,,9263.68,9223.376035574624,9218.859773096186,9236.869849645725,1
127,2020-06-25 09:25:00,9289.77,9290.0,9275.0,9278.66,497.786,9247.85,9214.695,9153.7025,,9253.21,9225.35046287553,9220.055777634263,9237.244649200471,1
128,2020-06-25 09:30:00,9278.61,9280.0,9267.57,9277.3,1048.347,9247.85,9214.695,9153.7025,,9232.9,9227.20580348712,9221.200662081577,9237.603890014818,1
129,2020-06-25 09:35:00,9277.68,9283.9,9273.0,9278.37,339.3769999999999,9251.28,9214.695,9160.6775,,9211.36,9229.033096219724,9222.344048839945,9237.969505351008,1
130,2020-06-25 09:40:00,9278.24,9283.0,9272.0,9274.0,376.1,9285.095000000001,9214.695,9157.060000000001,,9227.38,9230.63905706902,9223.377167863146,9238.292648800774,1
131,2020-06-25 09:45:00,9273.99,9282.47,9273.9,9282.0,432.622,9289.125,9214.695,9157.060000000001,,9180.0,9232.473376459413,9224.549624505882,9238.684642981932,1
132,2020-06-25 09:50:00,9281.99,9284.27,9276.05,9282.89,333.657,9295.0,9214.695,9152.474999999999,,9183.93,9234.273970157292,9225.716432015764,9239.08110358299,1
133,2020-06-25 09:55:00,9282.89,9287.77,9245.0,9254.45,2500.617,9289.060000000001,9214.695,9152.005,,9171.22,9234.994542651675,9226.291103375448,9239.218941219016,1
134,2020-06-25 10:00:00,9254.98,9267.23,9245.0,9267.22,1255.729,9289.060000000001,9216.985,9152.005,,9189.66,9236.145451842687,9227.109681307938,9239.470071791044,1
135,2020-06-25 10:05:00,9267.22,9272.43,9253.79,9253.79,726.52,9289.060000000001,9226.02,9152.005,,9198.58,9236.775614276878,9227.64328768178,9239.598501640452,1
136,2020-06-25 10:10:00,9254.43,9266.7,9250.02,9265.87,477.946,9289.060000000001,9229.77,9152.005,,9193.12,9237.814699481274,9228.407821928144,9239.83412045982,1
137,2020-06-25 10:15:00,9265.88,9269.65,9260.43,9260.74,398.228,9289.060000000001,9230.0,9150.8775,,9198.27,9238.633460214085,9229.05446548958,9240.02161713731,1
138,2020-06-25 10:20:00,9260.75,9270.0,9260.25,9261.56,659.0219999999998,9289.060000000001,9230.0,9150.8775,,9179.72,9239.45226520644,9229.704576179789,9240.214786490338,1
139,2020-06-25 10:25:00,9262.0,9267.49,9255.55,9256.0,349.61300000000006,9278.99,9235.380000000001,9148.635,,9184.0,9240.043255734783,9230.230484656195,9240.356357911949,1
140,2020-06-25 10:30:00,9256.0,9280.01,9255.0,9273.31,954.029,9278.99,9235.380000000001,9165.16,,9187.21,9241.231353744255,9231.092074963071,9240.651906271483,1
141,2020-06-25 10:35:00,9273.3,9275.0,9265.0,9271.99,450.526,9278.99,9235.380000000001,9170.06,,9207.31,9242.329876824817,9231.91003346381,9240.932965408061,1
142,2020-06-25 10:40:00,9272.0,9277.19,9263.0,9270.21,393.185,9272.5,9235.380000000001,9170.06,,9230.0,9243.325595509645,9232.676032794534,9241.195539709333,1
143,2020-06-25 10:45:00,9270.21,9274.48,9258.99,9259.73,324.72,9268.43,9235.380000000001,9175.66,,9231.89,9243.911467098585,9233.217112138644,9241.361768052748,1
144,2020-06-25 10:50:00,9259.72,9263.43,9255.85,9259.72,470.214,9268.310000000001,9235.380000000001,9179.57,,9234.27,9244.47605755935,9233.74716989587,9241.526415872902,1
145,2020-06-25 10:55:00,9259.9,9268.54,9259.4,9265.79,352.505,9267.5,9235.380000000001,9179.57,,9230.81,9245.237269789373,9234.388026497953,9241.744026492875,1
146,2020-06-25 11:00:00,9265.78,9269.2,9250.59,9255.84,641.658,9267.5,9235.380000000001,9187.224999999999,,9216.85,9245.615938725468,9234.817065967993,9241.870447779933,1
147,2020-06-25 11:05:00,9255.5,9260.0,9253.09,9259.06,280.471,9266.385,9235.380000000001,9199.32,,9220.0,9246.096083770988,9235.301924648633,9242.024614167556,1
148,2020-06-25 11:10:00,9259.06,9268.47,9259.06,9268.29,318.589,9266.385,9235.380000000001,9205.255,,9194.59,9246.88872363631,9235.961686155659,9242.260178166052,1
149,2020-06-25 11:15:00,9268.29,9275.66,9267.45,9270.46,350.978,9266.385,9235.380000000001,9218.145,9169.060000000001,9195.01,9247.730554935013,9236.651652432545,9242.513091366356,1
150,2020-06-25 11:20:00,9270.45,9270.52,9265.92,9267.55,320.791,9266.385,9235.380000000001,9223.28,9169.060000000001,9195.0,9248.438392258762,9237.269619383895,9242.737637632128,1
151,2020-06-25 11:25:00,9267.56,9275.0,9267.55,9272.65,160.634,9266.385,9235.380000000001,9223.28,9169.060000000001,9191.12,9249.303092535236,9237.977226996216,9243.00590994036,1
152,2020-06-25 11:30:00,9272.66,9281.7,9268.75,9278.29,484.717,9266.385,9235.380000000001,9227.145,9169.060000000001,9220.6,9250.338339230406,9238.783482456292,9243.322359178565,1
153,2020-06-25 11:35:00,9278.29,9295.0,9278.29,9289.15,1027.178,9270.0,9235.380000000001,9227.1525,9169.060000000001,9214.01,9251.724469972178,9239.790812807167,9243.733369410147,1
154,2020-06-25 11:40:00,9289.15,9290.91,9275.13,9279.75,473.759,9272.51,9235.380000000001,9231.2725,9169.060000000001,9226.31,9252.725381758886,9240.589996551023,9244.056388518577,1
155,2020-06-25 11:45:00,9279.75,9283.29,9272.0,9274.0,325.188,9272.51,9235.380000000001,9231.2725,9169.060000000001,9228.98,9253.485189553212,9241.258196620003,9244.324941087916,1
156,2020-06-25 11:50:00,9274.0,9278.16,9262.1,9263.68,427.694,9272.795,9235.380000000001,9231.2725,9169.060000000001,9251.37,9253.849289926313,9241.706632687603,9244.498529060222,1
157,2020-06-25 11:55:00,9263.68,9265.91,9252.6,9253.21,560.203,9272.795,9235.380000000001,9231.2725,9169.060000000001,9255.0,9253.82645814323,9241.936700033852,9244.576658844435,1
158,2020-06-25 12:00:00,9253.42,9264.8,9225.0,9232.9,2174.5460000000007,9260.0,9235.380000000001,9231.2725,9169.060000000001,9245.56,9253.079084638115,9241.755966033174,9244.471935446727,-1
159,2020-06-25 12:05:00,9232.9,9235.0,9210.56,9211.36,2324.0,9252.779999999999,9235.380000000001,9232.9875,9169.060000000001,9257.3,9251.58911732961,9241.14804671251,9244.174967415815,-1
160,2020-06-25 12:10:00,9210.56,9231.0,9210.2,9227.38,1365.223,9252.6,9235.380000000001,9249.895,9169.060000000001,9251.75,9250.72450599641,9240.872685778259,9244.024339905358,-1
161,2020-06-25 12:15:00,9227.38,9227.38,9170.0,9180.0,3866.282,9232.5,9235.380000000001,9251.91,9169.060000000001,9253.0,9248.198630782254,9239.655232062694,9243.45013057885,-1
162,2020-06-25 12:20:00,9180.0,9194.0,9172.85,9183.93,1858.357,9232.5,9239.595000000001,9254.8475,9169.060000000001,9252.01,9245.903322540029,9238.54072742144,9242.916317748546,-1
163,2020-06-25 12:25:00,9184.0,9197.0,9169.52,9171.22,1384.908,9232.26,9239.61,9251.8775,9169.060000000001,9246.0,9243.236061020743,9237.19431287301,9242.27330144587,-1
164,2020-06-25 12:30:00,9171.21,9193.0,9157.74,9189.66,2017.528,9226.369999999999,9245.43,9253.022500000001,9169.060000000001,9236.17,9241.322630270002,9236.243626615551,9241.801433271467,-1
165,2020-06-25 12:35:00,9189.65,9213.0,9189.65,9198.58,2062.248,9226.369999999999,9245.43,9257.54,9169.060000000001,9226.11,9239.79610776036,9235.49035408324,9241.413797098627,-1
166,2020-06-25 12:40:00,9198.69,9204.35,9186.28,9193.12,715.2510000000002,9226.369999999999,9245.43,9259.415,9169.060000000001,9232.67,9238.129103911775,9234.642947001576,9240.980668873528,-1
167,2020-06-25 12:45:00,9193.12,9206.63,9192.41,9198.27,739.7230000000002,9226.369999999999,9245.43,9259.53,9169.060000000001,9241.99,9236.705564486356,9233.915488061542,9240.597613547307,-1
168,2020-06-25 12:50:00,9198.25,9198.82,9175.96,9179.72,1056.92,9226.369999999999,9245.43,9259.53,9169.060000000001,9245.53,9234.6703657547,9232.83157830031,9240.05162598186,-1
169,2020-06-25 12:55:00,9179.73,9190.89,9177.38,9184.0,721.395,9226.369999999999,9245.43,9257.185000000001,9169.060000000001,9242.66,9232.86070983489,9231.854946734305,9239.548920816102,-1
170,2020-06-25 13:00:00,9184.0,9188.98,9165.84,9187.21,887.977,9226.369999999999,9245.43,9257.185000000001,9169.060000000001,9224.38,9231.230327340787,9230.962047799618,9239.079513454522,-1
171,2020-06-25 13:05:00,9186.89,9210.17,9185.35,9207.31,1167.775,9226.369999999999,9245.43,9257.185000000001,9169.060000000001,9221.26,9230.37602993576,9230.489006843625,9238.794585082733,-1
172,2020-06-25 13:10:00,9207.31,9244.33,9206.99,9230.0,2223.301,9226.369999999999,9245.43,9253.94,9169.060000000001,9221.0,9230.362600295197,9230.479226706753,9238.715709880196,-1
173,2020-06-25 13:15:00,9230.71,9233.46,9222.5,9231.89,765.215,9224.325,9245.43,9251.905,9169.060000000001,9220.06,9230.417150284655,9230.507442172619,9238.654492751224,-1
174,2020-06-25 13:20:00,9231.62,9239.32,9222.14,9234.27,939.352,9220.515,9245.43,9251.845000000001,9169.060000000001,9234.62,9230.554752060203,9230.582693329166,9238.61516994628,-1
175,2020-06-25 13:25:00,9234.27,9236.63,9230.0,9230.81,486.304,9217.95,9245.43,9251.44,9169.060000000001,9235.45,9230.563868058052,9230.587239462584,9238.545168422099,-1
176,2020-06-25 13:30:00,9230.8,9234.93,9214.93,9216.85,834.053,9211.825,9245.43,9251.44,9169.060000000001,9225.29,9230.07408705598,9230.312494673331,9238.350592920555,-1
177,2020-06-25 13:35:00,9216.84,9227.32,9211.5,9220.0,635.02,9211.27,9245.43,9250.8825,9169.060000000001,9224.72,9229.714298232551,9230.106244779865,9238.18601361185,-1
178,2020-06-25 13:40:00,9220.0,9220.0,9194.44,9194.59,1105.407,9201.035,9245.43,9250.8825,9169.060000000001,9217.48,9228.459859009961,9229.395919884268,9237.795017974075,-1
179,2020-06-25 13:45:00,9194.6,9213.86,9194.59,9195.01,690.2589999999999,9201.035,9235.36,9250.8825,9169.060000000001,9225.77,9227.265221188176,9228.708201486583,9237.411295839778,-1
180,2020-06-25 13:50:00,9195.0,9204.0,9186.0,9195.0,1013.139,9201.035,9235.36,9250.8825,9169.060000000001,9227.17,9226.112891860026,9228.034037456851,9237.030925473502,-1
181,2020-06-25 13:55:00,9194.99,9200.0,9177.77,9191.12,1255.434,9201.035,9235.36,9250.8825,9169.060000000001,9282.07,9224.863145722167,9227.295756707714,9236.619168294368,-1
182,2020-06-25 14:00:00,9191.11,9227.97,9190.17,9220.6,1330.0970000000002,9201.035,9228.869999999999,9250.8825,9169.060000000001,9272.18,9224.710890517803,9227.16184157356,9236.475498623566,-1
183,2020-06-25 14:05:00,9220.61,9229.0,9210.0,9214.01,721.177,9201.035,9226.369999999999,9252.69,9169.060000000001,9271.68,9224.328715856454,9226.898804742088,9236.274014330978,-1
184,2020-06-25 14:10:00,9214.01,9232.23,9213.38,9226.31,702.688,9205.085,9226.369999999999,9253.945,9169.060000000001,9287.43,9224.399476004439,9226.887028647247,9236.18465097375,-1
185,2020-06-25 14:15:00,9226.32,9233.0,9223.0,9228.98,510.979,9205.085,9226.369999999999,9253.945,9169.060000000001,9287.47,9224.563066147139,9226.9288880743,9236.120035269949,1
186,2020-06-25 14:20:00,9228.97,9256.7,9223.9,9251.37,1862.894,9211.27,9226.369999999999,9254.087500000001,9169.060000000001,9282.0,9225.520456641883,9227.417710312815,9236.256806254076,1
187,2020-06-25 14:25:00,9251.37,9266.81,9245.77,9255.0,1435.562,9216.325,9226.369999999999,9254.087500000001,9169.060000000001,9284.85,9226.573297476101,9227.96935610656,9236.424906646416,1
188,2020-06-25 14:30:00,9254.99,9266.81,9245.32,9245.56,984.953,9216.325,9226.369999999999,9247.69,9169.060000000001,9274.57,9227.251393994811,9228.321168984428,9236.50683573479,1
189,2020-06-25 14:35:00,9245.58,9263.23,9243.0,9257.3,732.331,9216.325,9226.369999999999,9244.08,9169.060000000001,9283.56,9228.324558494996,9228.90074560474,9236.693321512954,1
190,2020-06-25 14:40:00,9257.76,9259.19,9237.7,9251.75,1126.83,9222.29,9226.369999999999,9243.990000000002,9169.060000000001,9286.87,9229.16118140589,9229.357730692645,9236.828358988174,1
191,2020-06-25 14:45:00,9251.22,9256.26,9242.17,9253.0,554.544,9222.29,9226.369999999999,9233.94,9169.060000000001,9291.4,9230.012567784252,9229.830576078792,9236.973396127294,1
192,2020-06-25 14:50:00,9253.0,9258.53,9246.68,9252.01,364.277,9222.29,9226.369999999999,9236.0475,9169.060000000001,9274.47,9230.798190363386,9230.274164557215,9237.10825356113,1
193,2020-06-25 14:55:00,9252.0,9253.74,9243.94,9246.0,682.6210000000002,9222.29,9226.369999999999,9235.935000000001,9169.060000000001,9280.02,9231.341112136122,9230.58868126607,9237.188000165963,1
194,2020-06-25 15:00:00,9246.01,9246.35,9225.27,9236.17,868.4739999999998,9222.29,9226.369999999999,9235.9,9169.060000000001,9269.85,9231.513572416976,9230.700307640749,9237.178870119631,1
195,2020-06-25 15:05:00,9236.34,9236.36,9223.25,9226.11,591.391,9222.29,9226.369999999999,9235.9,9169.060000000001,9273.02,9231.320587687798,9230.608501487934,9237.079597741877,-1
196,2020-06-25 15:10:00,9226.12,9236.0,9221.19,9232.67,633.763,9222.29,9226.369999999999,9235.9,9169.060000000001,9267.07,9231.368780984663,9230.649731458174,9237.040049780066,1
197,2020-06-25 15:15:00,9232.67,9243.37,9228.96,9241.99,402.128,9222.29,9226.369999999999,9235.9,9169.060000000001,9263.21,9231.74811023521,9230.87653682901,9237.08444395244,1
198,2020-06-25 15:20:00,9242.0,9248.0,9239.06,9245.53,514.335,9222.29,9226.369999999999,9235.9,9169.060000000001,9270.0,9232.240320583953,9231.169606092428,9237.160188849728,1
199,2020-06-25 15:25:00,9245.54,9249.99,9242.15,9242.66,472.985,9222.29,9226.369999999999,9235.9,9169.060000000001,9278.4,9232.612451991668,9231.39941397058,9237.209514510268,1
200,2020-06-25 15:30:00,9242.65,9243.09,9224.37,9224.38,527.714,9222.29,9226.369999999999,9235.9,9169.060000000001,9280.55,9232.318435849109,9231.259025691168,9237.094451599862,-1
201,2020-06-25 15:35:00,9224.37,9230.0,9213.87,9221.26,845.061,9228.49,9226.369999999999,9235.9,9169.060000000001,9281.99,9231.923491711641,9231.059045177344,9236.95243858103,-1
202,2020-06-25 15:40:00,9220.9,9227.0,9216.99,9221.0,540.627,9238.404999999999,9226.369999999999,9235.9,9169.060000000001,9269.97,9231.533367007654,9230.857864273798,9236.809367382994,-1
203,2020-06-25 15:45:00,9221.0,9227.31,9216.36,9220.06,479.682,9240.095,9226.369999999999,9234.8775,9169.060000000001,9267.0,9231.123603900238,9230.641906988321,9236.659148841441,-1
204,2020-06-25 15:50:00,9220.07,9235.72,9216.59,9234.62,463.387,9240.34,9226.369999999999,9232.9725,9169.060000000001,9254.71,9231.248475189515,9230.721468848555,9236.640860511025,1
205,2020-06-25 15:55:00,9234.31,9239.54,9233.75,9235.45,336.207,9240.34,9226.369999999999,9231.69,9169.060000000001,9258.92,9231.398529647033,9230.816039471583,9236.630180147698,1
206,2020-06-25 16:00:00,9235.44,9256.18,9213.84,9225.29,1953.211,9240.325,9226.369999999999,9228.6275,9169.060000000001,9253.29,9231.180367873925,9230.705518682153,9236.52847449615,-1
207,2020-06-25 16:05:00,9225.29,9241.84,9224.29,9224.72,619.304,9240.325,9226.369999999999,9228.35,9193.25,9249.78,9230.949640449857,9230.58580830851,9236.422568895287,-1
208,2020-06-25 16:10:00,9224.81,9231.26,9207.64,9217.48,733.295,9235.435,9226.369999999999,9223.2325,9193.25,9251.11,9230.468581862362,9230.32369214234,9236.252680385014,-1
209,2020-06-25 16:15:00,9217.49,9228.42,9216.89,9225.77,373.025,9233.415,9226.369999999999,9218.1975,9200.91,9258.01,9230.30077536728,9230.232618299493,9236.158665314295,-1
210,2020-06-25 16:20:00,9225.78,9232.93,9223.86,9227.17,414.267,9233.085,9226.369999999999,9218.1975,9211.18,9251.17,9230.188961961305,9230.171365933504,9236.07804948188,1
211,2020-06-25 16:25:00,9227.17,9292.5,9225.43,9282.07,2810.555,9250.07,9226.369999999999,9218.1975,9211.18,9248.0,9232.041856176973,9231.209338614834,9236.490533343027,1
212,2020-06-25 16:30:00,9282.07,9285.86,9266.0,9272.18,1170.481,9250.07,9226.369999999999,9214.9525,9214.695,9247.0,9233.475361313509,9232.028751842538,9236.810618245781,1
213,2020-06-25 16:35:00,9272.17,9278.99,9266.16,9271.68,574.993,9250.07,9225.119999999999,9213.7025,9214.695,9264.6,9234.83981269517,9232.821776805687,9237.123348126985,1
214,2020-06-25 16:40:00,9271.47,9292.5,9269.51,9287.43,1561.2820000000004,9250.07,9225.119999999999,9215.727499999999,9214.695,9263.6,9236.718033670344,9233.913941269575,9237.57452886127,1
215,2020-06-25 16:45:00,9288.07,9290.0,9279.62,9287.47,651.387,9250.07,9225.119999999999,9215.727499999999,9214.695,9277.63,9238.530603896403,9234.985062444184,9238.022021875968,1
216,2020-06-25 16:50:00,9287.46,9290.0,9280.05,9282.0,493.791,9250.07,9225.119999999999,9218.82,9214.695,9283.44,9240.083082328674,9235.925361195299,9238.416443204434,1
217,2020-06-25 16:55:00,9281.99,9285.0,9276.56,9284.85,638.986,9250.07,9225.119999999999,9221.3475,9214.695,9278.57,9241.681900816935,9236.903853971393,9238.83288766,1
218,2020-06-25 17:00:00,9284.85,9290.96,9268.63,9274.57,986.853,9250.07,9225.119999999999,9221.3475,9214.695,9287.15,9242.85647578776,9237.657176891966,9239.153399878296,1
219,2020-06-25 17:05:00,9274.35,9283.97,9272.54,9283.56,327.654,9250.07,9225.119999999999,9221.3475,9214.695,9280.9,9244.310173081054,9238.575233354128,9239.55166535024,1
220,2020-06-25 17:10:00,9283.24,9288.0,9276.71,9286.87,714.052,9250.07,9225.119999999999,9224.33,9214.695,9285.7,9245.830166899588,9239.541128687046,9239.976045033198,1
221,2020-06-25 17:15:00,9286.7,9292.5,9283.39,9291.4,484.657,9250.07,9225.119999999999,9224.33,9214.695,9274.04,9247.45766093889,9240.578306113304,9240.437246423035,1
222,2020-06-25 17:20:00,9291.41,9291.41,9270.28,9274.47,656.699,9250.07,9225.119999999999,9224.33,9214.695,9277.95,9248.42238733393,9241.25613999104,9240.742472912514,1
223,2020-06-25 17:25:00,9274.47,9280.91,9270.52,9280.02,266.11400000000003,9250.07,9225.119999999999,9224.33,9214.695,9280.0,9249.550873500577,9242.031417191218,9241.094737729441,1
224,2020-06-25 17:30:00,9280.03,9280.03,9266.0,9269.85,434.241,9250.07,9229.17,9224.33,9216.985,9282.2,9250.275842304129,9242.587788847393,9241.352632458325,1
225,2020-06-25 17:35:00,9269.85,9274.86,9266.03,9273.02,309.367,9250.07,9229.17,9224.33,9226.02,9284.3,9251.08813365041,9243.196433070445,9241.636644723272,1
226,2020-06-25 17:40:00,9273.01,9274.12,9265.0,9267.07,377.587,9250.07,9229.17,9224.33,9229.77,9274.62,9251.658914591466,9243.673904409035,9241.864746564319,1
227,2020-06-25 17:45:00,9267.63,9273.6,9259.4,9263.21,589.375,9250.07,9229.17,9224.33,9230.0,9277.39,9252.071453356057,9244.064626320855,9242.056183814864,1
228,2020-06-25 17:50:00,9263.21,9271.23,9261.52,9270.0,280.073,9254.695,9229.17,9224.33,9230.0,9275.02,9252.711758593341,9244.583333794437,9242.30680100038,1
229,2020-06-25 17:55:00,9269.99,9278.49,9269.99,9278.4,247.062,9258.18,9229.17,9224.33,9235.380000000001,9278.94,9253.629195786436,9245.259667118547,9242.630506821004,1
230,2020-06-25 18:00:00,9278.4,9282.71,9277.58,9280.55,356.59,9258.965,9235.135,9224.33,9235.380000000001,9280.28,9254.590653079778,9245.965473776178,9242.970591961623,1
231,2020-06-25 18:05:00,9280.54,9286.8,9278.49,9281.99,507.016,9275.95,9235.135,9227.43,9235.380000000001,9279.47,9255.569201184073,9246.685964300656,9243.3205418095,1
232,2020-06-25 18:10:00,9281.99,9284.91,9265.07,9269.97,671.315,9275.95,9235.135,9232.387499999999,9235.380000000001,9267.72,9256.0835154275,9247.151645014643,9243.559550403137,1
233,2020-06-25 18:15:00,9269.98,9270.12,9263.47,9267.0,319.384,9275.95,9235.135,9233.232499999998,9235.380000000001,9273.4,9256.473389876517,9247.54861211435,9243.769778650641,1
234,2020-06-25 18:20:00,9267.01,9267.37,9254.7,9254.71,447.442,9273.6,9235.135,9233.355,9235.380000000001,9272.05,9256.41041166664,9247.691839872063,9243.867897227765,1
235,2020-06-25 18:25:00,9254.7,9259.2,9244.0,9258.92,1007.95,9268.25,9235.135,9233.355,9235.380000000001,9270.18,9256.500039821403,9247.916403074621,9244.002893665183,1
236,2020-06-25 18:30:00,9258.93,9261.05,9250.56,9253.29,373.266,9268.25,9235.135,9233.3475,9235.380000000001,9278.19,9256.38539554207,9248.023875013128,9244.08618609868,1
237,2020-06-25 18:35:00,9253.3,9254.15,9244.0,9249.78,446.481,9268.25,9235.135,9233.3475,9235.380000000001,9306.22,9256.149488558425,9248.058997512866,9244.137251694206,1
238,2020-06-25 18:40:00,9249.77,9256.88,9243.0,9251.11,577.6519999999998,9267.75,9235.135,9230.9025,9235.380000000001,9306.65,9255.969506824196,9248.120017562607,9244.199787553453,1
239,2020-06-25 18:45:00,9251.07,9259.89,9251.06,9258.01,242.904,9267.75,9235.135,9229.8925,9235.380000000001,9323.02,9256.042381580475,9248.317817211355,9244.323645961043,1
240,2020-06-25 18:50:00,9258.0,9258.88,9250.92,9251.17,152.09,9267.75,9235.135,9229.727499999999,9235.380000000001,9310.79,9255.868367952602,9248.374860867129,9244.385048239421,1
241,2020-06-25 18:55:00,9251.12,9251.9,9246.76,9248.0,228.842,9267.205,9241.335,9238.22,9235.380000000001,9296.62,9255.587354811438,9248.367363649784,9244.417469331443,1
242,2020-06-25 19:00:00,9247.6,9248.45,9234.0,9247.0,745.038,9260.4,9250.07,9238.22,9235.380000000001,9308.83,9255.280663568172,9248.34001637679,9244.440631041476,-1
243,2020-06-25 19:05:00,9247.01,9265.0,9242.57,9264.6,836.298,9260.4,9250.07,9237.595,9235.380000000001,9304.98,9255.613497012166,9248.665216049252,9244.6214325568,1
244,2020-06-25 19:10:00,9264.57,9271.63,9262.0,9263.6,513.399,9260.4,9250.07,9237.595,9235.380000000001,9285.39,9255.898729261731,9248.963911728268,9244.791643924003,1
245,2020-06-25 19:15:00,9263.59,9280.0,9263.46,9277.63,622.4580000000002,9260.4,9250.07,9237.595,9235.380000000001,9293.86,9256.674846073813,9249.537233493702,9245.086158328273,1
246,2020-06-25 19:20:00,9277.63,9285.0,9276.5,9283.44,524.827,9260.4,9250.07,9237.595,9235.380000000001,9301.4,9257.63074442832,9250.215288823827,9245.430138971069,1
247,2020-06-25 19:25:00,9283.45,9288.32,9278.51,9278.57,447.326,9261.16,9250.07,9237.595,9235.380000000001,9300.65,9258.378574984452,9250.782383047352,9245.727357455633,1
248,2020-06-25 19:30:00,9278.56,9288.0,9278.06,9287.15,660.467,9261.16,9250.07,9237.595,9235.380000000001,9313.24,9259.406125877864,9251.509735386406,9246.098860976212,1
249,2020-06-25 19:35:00,9287.15,9287.2,9280.85,9280.9,274.6,9261.16,9250.07,9237.595,9235.380000000001,9301.49,9260.17376423937,9252.097540678678,9246.410978814989,1
250,2020-06-25 19:40:00,9280.9,9290.0,9278.01,9285.7,503.753,9262.0,9250.07,9237.595,9235.380000000001,9287.06,9261.085415516534,9252.769589865105,9246.763346717993,1
251,2020-06-25 19:45:00,9285.78,9285.78,9274.04,9274.04,472.85,9262.0,9250.07,9237.595,9235.380000000001,9256.42,9261.548079248087,9253.194998067802,9247.007980379714,1
252,2020-06-25 19:50:00,9274.0,9281.57,9271.0,9277.95,354.844,9262.0,9250.07,9237.595,9239.595000000001,9249.17,9262.133862132083,9253.690098106445,9247.285487282139,1
253,2020-06-25 19:55:00,9278.32,9280.0,9274.4,9280.0,284.773,9262.0,9250.07,9237.595,9239.61,9250.53,9262.771938484508,9254.216296144315,9247.578890983645,1
254,2020-06-25 20:00:00,9280.0,9298.2,9279.99,9282.2,948.741,9266.1,9252.92,9239.619999999999,9245.43,9221.47,9263.465797824347,9254.77597022143,9247.889394203521,1
255,2020-06-25 20:05:00,9282.2,9286.81,9276.27,9284.3,476.07,9266.1,9252.92,9239.619999999999,9245.43,9231.53,9264.209876473478,9255.366450817,9248.215946721875,1
256,2020-06-25 20:10:00,9283.72,9284.67,9273.06,9274.62,342.975,9266.1,9252.92,9239.619999999999,9245.43,9238.27,9264.581666599426,9255.75152180066,9248.452754374593,1
257,2020-06-25 20:15:00,9274.62,9278.61,9272.65,9277.39,230.831,9266.1,9252.92,9239.619999999999,9245.43,9252.9,9265.039107078019,9256.184291364647,9248.712281241189,1
258,2020-06-25 20:20:00,9277.39,9277.39,9275.0,9275.02,81.195,9266.1,9252.92,9241.932499999999,9245.43,9257.27,9265.395567539517,9256.561005537355,9248.948224907186,1
259,2020-06-25 20:25:00,9275.03,9284.0,9275.0,9278.94,199.609,9266.1,9252.92,9243.675,9245.43,9257.32,9265.87929727025,9257.008585426607,9249.217209437167,1
260,2020-06-25 20:30:00,9278.93,9282.01,9278.93,9280.28,191.558,9266.1,9252.92,9247.05,9245.43,9250.59,9266.393608082028,9257.474013718076,9249.495799487057,1
261,2020-06-25 20:35:00,9280.29,9283.25,9279.47,9279.47,152.392,9266.1,9252.92,9255.5425,9245.43,9251.28,9266.860622079099,9257.913933443715,9249.764626397486,1
262,2020-06-25 20:40:00,9279.48,9279.48,9265.74,9267.72,454.661,9270.385,9252.92,9255.5425,9245.43,9243.18,9266.891314147702,9258.110054774841,9249.925661138315,1
263,2020-06-25 20:45:00,9267.71,9273.75,9266.31,9273.4,221.747,9280.1,9252.92,9255.5425,9245.43,9240.08,9267.123767213858,9258.415853679346,9250.136193325416,1
264,2020-06-25 20:50:00,9272.78,9273.71,9266.52,9272.05,164.0,9280.83,9252.92,9254.3675,9245.43,9249.56,9267.299704099078,9258.68853660576,9250.332729708147,1
265,2020-06-25 20:55:00,9272.06,9274.18,9268.68,9270.18,163.572,9281.970000000001,9252.92,9251.692500000001,9245.43,9252.92,9267.402571809824,9258.918365873644,9250.510732132288,1
266,2020-06-25 21:00:00,9270.18,9278.2,9268.33,9278.19,251.207,9281.970000000001,9252.92,9251.692500000001,9245.43,9256.89,9267.78783710233,9259.303798556171,9250.758976687155,1
267,2020-06-25 21:05:00,9278.2,9310.0,9278.19,9306.22,1346.535,9287.869999999999,9258.82,9251.692500000001,9245.43,9254.36,9269.160414348677,9260.242122585048,9251.256384967986,1
268,2020-06-25 21:10:00,9308.04,9320.79,9305.44,9306.65,1481.909,9293.265,9268.84,9251.442500000001,9245.43,9257.36,9270.49932812194,9261.170280133347,9251.753188690245,1
269,2020-06-25 21:15:00,9306.55,9350.9,9306.45,9323.02,2958.806,9308.32,9287.380000000001,9251.442500000001,9235.36,9256.66,9272.3750664033,9262.40727453068,9252.392352917239,1
270,2020-06-25 21:20:00,9323.05,9323.59,9310.18,9310.79,725.5980000000002,9308.32,9288.165,9251.442500000001,9235.36,9249.79,9273.747028317468,9263.374929040066,9252.916098630985,1
271,2020-06-25 21:25:00,9310.27,9310.72,9295.01,9296.62,857.556,9308.32,9292.45,9254.27,9235.36,9246.75,9274.563920163273,9264.039830459265,9253.308061871961,1
272,2020-06-25 21:30:00,9296.63,9309.65,9296.36,9308.83,596.086,9308.32,9292.45,9255.235,9228.869999999999,9225.15,9275.78770872887,9264.93563385008,9253.806016474005,1
273,2020-06-25 21:35:00,9308.83,9309.99,9302.01,9304.98,333.726,9308.32,9292.45,9255.235,9226.369999999999,9229.71,9276.830290559981,9265.736521173078,9254.264975967511,1
274,2020-06-25 21:40:00,9304.92,9305.0,9283.71,9285.39,473.603,9308.32,9292.45,9255.235,9226.369999999999,9229.45,9277.135994468554,9266.129590749615,9254.544124165111,-1
275,2020-06-25 21:45:00,9285.8,9296.4,9284.61,9293.86,415.145,9308.32,9292.45,9255.235,9226.369999999999,9202.23,9277.733280380391,9266.684198934623,9254.896732916994,1
276,2020-06-25 21:50:00,9293.84,9303.46,9291.71,9301.4,282.2270000000001,9308.32,9292.45,9255.235,9226.369999999999,9234.67,9278.578520366807,9267.37851495593,9255.313802576931,1
277,2020-06-25 21:55:00,9301.4,9302.99,9300.17,9300.65,101.279,9308.32,9292.45,9255.615,9226.369999999999,9261.62,9279.366787496565,9268.043944656813,9255.720405244403,1
278,2020-06-25 22:00:00,9300.66,9313.92,9300.43,9313.24,434.329,9308.32,9292.45,9255.615,9226.369999999999,9260.71,9280.576545085973,9268.947865763677,9256.236276049385,1
279,2020-06-25 22:05:00,9313.23,9313.99,9301.49,9301.49,342.288,9308.32,9292.45,9255.615,9226.369999999999,9262.13,9281.323454190044,9269.598708448404,9256.64213904446,1
280,2020-06-25 22:10:00,9301.4,9301.41,9287.0,9287.06,437.674,9308.32,9292.45,9256.035,9226.369999999999,9265.33,9281.528330826113,9269.947934279437,9256.914944972312,-1
281,2020-06-25 22:15:00,9287.07,9287.07,9236.59,9256.42,2254.932,9293.744999999999,9292.45,9256.035,9226.369999999999,9285.19,9280.63160472518,9269.677375593847,9256.910506003951,-1
282,2020-06-25 22:20:00,9256.42,9257.65,9230.17,9249.17,1977.931,9290.535,9290.535,9256.035,9226.369999999999,9283.81,9279.507975984994,9269.267228081968,9256.841084425441,-1
283,2020-06-25 22:25:00,9249.17,9261.0,9240.0,9250.53,957.549,9290.535,9290.535,9256.035,9226.369999999999,9280.67,9278.473048271244,9268.892483520329,9256.7844827714,-1
284,2020-06-25 22:30:00,9250.53,9256.59,9213.0,9221.47,2542.733,9281.95,9281.95,9259.51,9227.970000000001,9280.19,9276.4372251187,9267.944033849923,9256.46776095282,-1
285,2020-06-25 22:35:00,9221.52,9234.48,9213.0,9231.53,1165.765,9281.95,9281.95,9259.51,9227.970000000001,9276.83,9274.833395650176,9267.215753172924,9256.244103903917,-1
286,2020-06-25 22:40:00,9231.52,9239.0,9224.7,9238.27,701.784,9281.95,9281.95,9259.51,9227.970000000001,9279.1,9273.527560091241,9266.636838109465,9256.08290117832,-1
287,2020-06-25 22:45:00,9238.27,9266.0,9223.34,9252.9,1141.823,9281.95,9281.95,9259.51,9227.970000000001,9269.55,9272.790861516554,9266.362101347277,9256.054354979411,-1
288,2020-06-25 22:50:00,9252.91,9260.0,9245.61,9257.27,590.2669999999998,9281.95,9281.95,9259.51,9227.970000000001,9265.43,9272.23654503382,9266.18025932033,9256.065257625334,-1
289,2020-06-25 22:55:00,9257.31,9262.52,9248.89,9257.32,525.755,9268.295,9281.95,9259.51,9227.970000000001,9262.01,9271.703811282612,9266.003054133924,9256.076510920173,-1
290,2020-06-25 23:00:00,9257.32,9257.32,9243.78,9250.59,412.606,9263.494999999999,9281.95,9259.51,9227.970000000001,9272.93,9270.949746593948,9265.694793051245,9256.027304544206,-1
291,2020-06-25 23:05:00,9250.75,9255.0,9245.18,9251.28,260.244,9263.494999999999,9281.95,9259.51,9227.970000000001,9274.01,9270.247255644164,9265.40649719022,9255.984727821837,-1
292,2020-06-25 23:10:00,9250.97,9251.69,9242.33,9243.18,175.37099999999995,9263.494999999999,9281.95,9261.6525,9227.970000000001,9267.01,9269.280567942587,9264.961967246416,9255.869887213568,-1
293,2020-06-25 23:15:00,9243.19,9244.76,9240.07,9240.08,268.976,9263.494999999999,9281.95,9266.51,9227.970000000001,9261.97,9268.237690516067,9264.464327901489,9255.728273875331,-1
294,2020-06-25 23:20:00,9240.07,9250.0,9232.08,9249.56,638.516,9263.494999999999,9281.95,9266.875,9227.970000000001,9253.62,9267.570630140493,9264.166241343459,9255.6729530334,-1
295,2020-06-25 23:25:00,9249.56,9255.01,9243.58,9252.92,267.478,9263.494999999999,9281.95,9267.445,9227.970000000001,9254.98,9267.047393349761,9263.94131651659,9255.648262871666,-1
296,2020-06-25 23:30:00,9252.91,9257.18,9243.02,9256.89,340.0780000000001,9263.494999999999,9281.95,9267.445,9227.970000000001,9242.57,9266.684629301557,9263.800290186258,9255.659399527525,-1
297,2020-06-25 23:35:00,9256.89,9260.0,9251.3,9254.36,225.027,9263.494999999999,9281.95,9273.345,9233.869999999999,9244.32,9266.244463969359,9263.611484382533,9255.647745720104,-1
298,2020-06-25 23:40:00,9254.53,9258.01,9252.37,9257.36,221.674,9263.494999999999,9281.95,9281.0525,9239.265,9241.98,9265.92716168474,9263.486454694881,9255.66310226073,-1
299,2020-06-25 23:45:00,9257.36,9263.0,9253.76,9256.66,335.249,9257.205,9281.95,9297.85,9254.32,9251.41,9265.59619162457,9263.349925600984,9255.67204304763,-1
300,2020-06-25 23:50:00,9256.65,9258.41,9247.01,9249.79,311.956,9250.035,9281.95,9298.2425,9254.32,9247.81,9265.031684780837,9263.078727088965,9255.619289298324,-1
301,2020-06-25 23:55:00,9249.79,9250.0,9242.0,9246.75,367.252,9239.5,9281.95,9300.385,9254.32,9246.08,9264.378767467235,9262.752152547186,9255.539744102824,-1
302,2020-06-26 00:00:00,9246.75,9247.1,9220.39,9225.15,1171.011,9239.5,9281.95,9300.385,9254.32,9259.27,9262.977740057691,9262.000109496243,9255.267190344053,-1
303,2020-06-26 00:05:00,9224.91,9236.0,9222.22,9229.71,466.775,9239.5,9281.95,9300.385,9254.32,9252.55,9261.789606484203,9261.354307306317,9255.0379778746,-1
304,2020-06-26 00:10:00,9229.71,9233.0,9220.35,9229.45,450.426,9239.5,9281.95,9300.385,9254.32,9250.85,9260.634620538338,9260.716221160192,9254.808489283794,-1
305,2020-06-26 00:15:00,9229.45,9240.39,9181.3,9202.23,2365.118,9223.65,9266.099999999999,9300.385,9254.32,9251.17,9258.548741233397,9259.546496736986,9254.336933326093,-1
306,2020-06-26 00:20:00,9200.56,9247.11,9181.26,9234.67,2480.404,9223.630000000001,9266.08,9300.385,9254.32,9259.96,9257.69592904649,9259.048966802246,9254.16054827384,-1
307,2020-06-26 00:25:00,9234.55,9262.73,9232.3,9261.62,1863.191,9222.130000000001,9266.08,9300.385,9254.32,9259.71,9257.836074437686,9259.100387466202,9254.22744918618,-1
308,2020-06-26 00:30:00,9261.19,9278.21,9259.92,9260.71,1181.424,9229.735,9266.08,9300.385,9254.32,9238.77,9257.93871463634,9259.132579716877,9254.285588655364,-1
309,2020-06-26 00:35:00,9260.7,9273.5,9255.0,9262.13,518.201,9229.735,9266.08,9300.385,9254.32,9241.3,9258.08840339933,9259.19252812254,9254.355942120337,-1
310,2020-06-26 00:40:00,9262.12,9276.0,9262.12,9265.33,437.845,9229.735,9266.08,9300.385,9254.32,9235.34,9258.347031849355,9259.315277560088,9254.454364164101,-1
311,2020-06-26 00:45:00,9265.5,9289.0,9265.21,9285.19,872.76,9235.130000000001,9266.08,9293.0975,9254.32,9238.66,9259.305709283306,9259.832772008886,9254.73002009088,1
312,2020-06-26 00:50:00,9285.22,9287.09,9273.08,9283.81,446.544,9235.130000000001,9266.08,9290.535,9254.32,9234.07,9260.180862523188,9260.312316568708,9254.99082708558,1
313,2020-06-26 00:55:00,9283.81,9288.96,9275.0,9280.67,434.135,9235.130000000001,9266.08,9290.535,9254.32,9235.0,9260.912617433074,9260.719470237334,9255.221133569117,1
314,2020-06-26 01:00:00,9280.67,9297.16,9280.01,9280.19,533.98,9239.21,9266.08,9281.95,9258.369999999999,9238.37,9261.601095381893,9261.108880832588,9255.445069590918,1
315,2020-06-26 01:05:00,9280.23,9289.94,9275.6,9276.83,351.156,9239.21,9266.08,9281.95,9258.369999999999,9247.99,9262.144984832541,9261.423303215935,9255.636862688758,1
316,2020-06-26 01:10:00,9276.83,9281.6,9275.82,9279.1,140.023,9239.21,9266.08,9281.95,9258.369999999999,9244.38,9262.750521088521,9261.776837151618,9255.847294413521,1
317,2020-06-26 01:15:00,9278.94,9280.72,9264.86,9269.55,556.2769999999998,9239.21,9266.08,9281.95,9258.369999999999,9246.55,9262.993359621074,9261.932300408585,9255.970188634026,1
318,2020-06-26 01:20:00,9269.46,9269.46,9262.14,9265.43,405.793,9239.21,9266.08,9281.95,9258.369999999999,9247.91,9263.080382491751,9262.002254400413,9256.055029991569,-1
319,2020-06-26 01:25:00,9265.43,9266.47,9261.41,9262.01,284.523,9239.21,9266.08,9275.122500000001,9258.369999999999,9241.99,9263.042154545617,9262.002409312405,9256.108437794333,-1
320,2020-06-26 01:30:00,9262.03,9274.0,9262.02,9272.93,213.907,9239.21,9266.08,9272.7225,9264.335,9232.21,9263.395291883275,9262.220961126157,9256.259303823084,1
321,2020-06-26 01:35:00,9272.93,9274.03,9272.1,9274.01,135.023,9239.21,9266.08,9272.7225,9264.335,9237.0,9263.774388601729,9262.456741903634,9256.418502891936,1
322,2020-06-26 01:40:00,9274.0,9274.06,9262.0,9267.01,370.587,9239.21,9266.08,9272.7225,9264.335,9231.99,9263.889946151667,9262.54780706556,9256.51349389739,1
323,2020-06-26 01:45:00,9267.01,9282.76,9253.7,9261.97,889.5,9239.21,9266.08,9272.7225,9264.335,9242.43,9263.82137664625,9262.53625092425,9256.562431171853,-1
324,2020-06-26 01:50:00,9261.96,9262.23,9250.0,9253.62,495.702,9239.21,9266.08,9272.7225,9264.335,9246.16,9263.457041766027,9262.357925905766,9256.536041654617,-1
325,2020-06-26 01:55:00,9253.63,9256.47,9250.28,9254.98,213.792,9239.21,9266.08,9272.7225,9264.335,9239.69,9263.154290274384,9262.21036738765,9256.522086124083,-1
326,2020-06-26 02:00:00,9255.0,9257.2,9241.96,9242.57,589.545,9264.73,9266.08,9272.7225,9264.335,9237.99,9262.419137050298,9261.817560039897,9256.396955306827,-1
327,2020-06-26 02:05:00,9242.58,9245.82,9237.42,9244.32,518.698,9267.29,9266.08,9272.7225,9264.335,9245.26,9261.7727392985,9261.467608839099,9256.288641806317,-1
328,2020-06-26 02:10:00,9244.33,9253.0,9240.31,9241.98,343.325,9267.29,9266.08,9272.7225,9264.335,9250.7,9261.065855752124,9261.077856662316,9256.160313180251,-1
329,2020-06-26 02:15:00,9241.99,9251.87,9236.0,9251.41,345.336,9266.58,9252.425,9269.5775,9264.335,9260.96,9260.721003760977,9260.88449952907,9256.117709474598,-1
330,2020-06-26 02:20:00,9251.41,9253.93,9246.43,9247.81,239.551,9266.58,9247.625,9265.9925,9264.335,9258.79,9260.259896483798,9260.623009538489,9256.043200869444,1
331,2020-06-26 02:25:00,9247.81,9248.28,9245.7,9246.08,151.717,9266.58,9247.625,9260.725,9270.535,9253.4,9259.753471609378,9260.332149347718,9255.953844807835,-1
332,2020-06-26 02:30:00,9246.09,9260.13,9245.52,9259.27,359.191,9266.58,9247.625,9260.725,9279.27,9264.02,9259.736204766186,9260.310906360764,9255.983586110005,1
333,2020-06-26 02:35:00,9259.3,9259.31,9248.3,9252.55,230.185,9266.58,9247.625,9260.725,9279.27,9260.0,9259.479554595966,9260.155688233548,9255.952791615746,1
334,2020-06-26 02:40:00,9252.55,9253.3,9250.28,9250.85,70.747,9262.970000000001,9247.625,9260.725,9279.27,9251.91,9259.17135621754,9259.969574468876,9255.907026668518,1
335,2020-06-26 02:45:00,9250.84,9251.69,9245.37,9251.17,118.755,9259.380000000001,9247.625,9244.875,9266.099999999999,9226.9,9258.885593495484,9259.793582979499,9255.864542124405,1
336,2020-06-26 02:50:00,9251.17,9262.0,9251.04,9259.96,346.72,9259.380000000001,9247.625,9244.855,9266.08,9241.91,9258.92396515636,9259.796911319907,9255.901272688312,1
337,2020-06-26 02:55:00,9259.95,9260.0,9253.54,9259.71,168.858,9259.380000000001,9247.625,9244.105,9266.08,9240.01,9258.952037829347,9259.79517309351,9255.935431677655,1
338,2020-06-26 03:00:00,9259.7,9259.7,9238.39,9238.77,465.824,9259.380000000001,9247.625,9247.907500000001,9266.08,9239.7,9258.231250764013,9259.37466963164,9255.781481617767,-1
339,2020-06-26 03:05:00,9238.99,9241.97,9236.88,9241.3,197.798,9259.380000000001,9241.335,9247.907500000001,9266.08,9225.84,9257.626563236727,9259.013176239005,9255.651602858863,-1
340,2020-06-26 03:10:00,9241.29,9246.0,9235.34,9235.34,291.847,9259.05,9239.21,9247.907500000001,9266.08,9226.65,9256.8306145497,9258.539712714224,9255.46943601708,-1
341,2020-06-26 03:15:00,9235.35,9239.23,9226.32,9238.66,539.882,9254.54,9239.21,9250.605,9266.08,9217.96,9256.181664030068,9258.142118459939,9255.318678743384,-1
342,2020-06-26 03:20:00,9238.66,9240.0,9232.0,9234.07,257.763,9254.54,9239.21,9250.605,9266.08,9207.66,9255.39196174328,9257.66067609074,9255.128107633576,-1
343,2020-06-26 03:25:00,9234.07,9239.94,9229.12,9235.0,223.873,9244.275,9239.21,9250.605,9266.08,9218.94,9254.663677395307,9257.207462568926,9254.94758648888,-1
344,2020-06-26 03:30:00,9235.01,9240.25,9228.11,9238.37,286.35,9244.16,9239.21,9252.645,9266.08,9220.67,9254.081760345474,9256.830713317548,9254.798908583149,-1
345,2020-06-26 03:35:00,9238.35,9248.0,9238.35,9247.99,221.796,9244.16,9239.21,9252.645,9266.08,9223.91,9253.864197475992,9256.653899051196,9254.737842138456,1
346,2020-06-26 03:40:00,9248.0,9248.83,9244.3,9244.38,124.189,9244.16,9239.21,9252.645,9266.08,9216.01,9253.525476137564,9256.408421070173,9254.644946693268,1
347,2020-06-26 03:45:00,9244.37,9250.0,9242.44,9246.55,170.86,9244.16,9239.21,9252.645,9266.08,9219.41,9253.276351989793,9256.21125264877,9254.572346274495,1
348,2020-06-26 03:50:00,9246.55,9248.0,9246.45,9247.91,53.091,9244.16,9239.21,9252.645,9266.08,9228.19,9253.084696561586,9256.045227595794,9254.51259428997,1
349,2020-06-26 03:55:00,9247.92,9250.0,9240.12,9241.99,257.356,9244.16,9239.21,9252.645,9266.08,9228.83,9252.688457398672,9255.764123043878,9254.400284027279,1
350,2020-06-26 04:00:00,9241.99,9241.99,9225.74,9232.21,666.932,9243.869999999999,9239.21,9252.645,9266.08,9227.22,9251.957083920148,9255.293040583001,9254.201268027035,-1
351,2020-06-26 04:05:00,9232.21,9238.7,9230.01,9237.0,311.197,9243.869999999999,9239.21,9252.645,9266.08,9220.67,9251.42290235157,9254.92717977134,9254.046996564908,-1
352,2020-06-26 04:10:00,9237.0,9237.0,9226.49,9231.99,216.689,9243.869999999999,9239.21,9252.645,9266.08,9223.19,9250.72887012473,9254.468436175915,9253.849175967913,-1
353,2020-06-26 04:15:00,9232.0,9243.0,9231.81,9242.43,212.071,9243.869999999999,9239.21,9252.645,9266.08,9213.37,9250.432481905991,9254.227667452396,9253.74676183367,1
354,2020-06-26 04:20:00,9242.42,9246.48,9240.37,9246.16,186.079,9243.869999999999,9239.21,9252.645,9266.08,9211.19,9250.279893266492,9254.066314103347,9253.678719126641,1
355,2020-06-26 04:25:00,9246.17,9247.08,9229.0,9239.69,490.115,9243.869999999999,9239.21,9252.645,9266.08,9208.45,9249.90168279269,9253.77878782128,9253.553259762277,1
356,2020-06-26 04:30:00,9239.68,9245.15,9237.7,9237.99,124.156,9242.869999999999,9239.21,9265.404999999999,9266.08,9193.3,9249.476265550093,9253.463012064854,9253.413678957233,-1
357,2020-06-26 04:35:00,9237.98,9248.29,9237.2,9245.26,264.122,9242.720000000001,9239.21,9266.685000000001,9266.08,9181.58,9249.32568463759,9253.298951823557,9253.340551791698,1
358,2020-06-26 04:40:00,9245.25,9250.95,9240.63,9250.7,291.827,9238.345000000001,9239.21,9266.685000000001,9266.08,9174.1,9249.374767329104,9253.246972787085,9253.316869712848,1
359,2020-06-26 04:45:00,9250.7,9261.96,9250.69,9260.96,463.502,9243.849999999999,9239.21,9259.502499999999,9266.08,9154.96,9249.78852563878,9253.401233331342,9253.385417966545,1
360,2020-06-26 04:50:00,9260.95,9268.05,9255.7,9258.79,523.4159999999998,9246.895,9239.21,9257.1025,9266.08,9120.0,9250.110006865965,9253.509008664716,9253.43388955429,1
361,2020-06-26 04:55:00,9258.78,9263.36,9251.62,9253.4,275.521,9246.895,9239.21,9257.1025,9266.08,9139.02,9250.227506620753,9253.506828491421,9253.433585612098,1
362,2020-06-26 05:00:00,9253.45,9264.54,9253.45,9264.02,299.663,9246.895,9239.21,9257.1025,9266.08,9120.27,9250.720095670013,9253.717091921593,9253.528531032618,1
363,2020-06-26 05:05:00,9264.38,9270.0,9258.72,9260.0,508.258,9247.869999999999,9239.21,9257.1025,9266.08,9132.61,9251.051520824656,9253.842750083162,9253.586571113043,1
364,2020-06-26 05:10:00,9260.0,9262.52,9250.19,9251.91,204.576,9247.869999999999,9239.21,9255.2975,9266.08,9145.45,9251.082180795205,9253.8040950815,9253.571534600816,1
365,2020-06-26 05:15:00,9251.94,9252.08,9200.34,9226.9,3230.885,9235.17,9239.21,9253.5025,9266.08,9138.94,9250.21853148109,9253.26601317987,9253.332328012468,-1
366,2020-06-26 05:20:00,9226.9,9253.5,9222.52,9241.91,1406.112,9235.17,9248.75,9253.5025,9266.08,9130.0,9249.921798213909,9253.038892916273,9253.229885608767,-1
367,2020-06-26 05:25:00,9241.91,9247.34,9238.76,9240.01,244.437,9235.17,9248.75,9253.5025,9266.08,9143.88,9249.567805420555,9252.778315057947,9253.111321612276,-1
368,2020-06-26 05:30:00,9240.01,9242.19,9228.33,9239.7,435.364,9235.17,9248.75,9253.5025,9266.08,9155.0,9249.215383798391,9252.516748756789,9252.991040700956,-1
369,2020-06-26 05:35:00,9239.71,9239.71,9225.65,9225.84,383.904,9235.17,9248.75,9250.3575,9266.08,9155.33,9248.380548662733,9251.983213781652,9252.747533609467,-1
370,2020-06-26 05:40:00,9225.84,9231.55,9222.26,9226.65,348.372,9235.17,9248.75,9249.13,9266.08,9136.87,9247.604457639065,9251.476549506018,9252.51347501207,-1
371,2020-06-26 05:45:00,9226.65,9229.93,9213.33,9217.96,561.63,9235.17,9248.75,9246.875,9266.08,9153.99,9246.545727009097,9250.806218515898,9252.20357837519,-1
372,2020-06-26 05:50:00,9217.95,9221.25,9207.0,9207.66,962.887,9235.17,9248.75,9246.875,9266.08,9146.82,9245.156951044486,9249.94329414558,9251.804084398731,-1
373,2020-06-26 05:55:00,9207.67,9219.29,9207.3,9218.94,443.724,9235.17,9248.75,9241.7425,9266.08,9133.18,9244.220631364326,9249.323228262669,9251.509339247174,-1
374,2020-06-26 06:00:00,9218.98,9220.77,9190.0,9220.67,2678.526,9230.0,9239.970000000001,9241.685,9266.08,9124.72,9243.379537387029,9248.750163697414,9251.232753244958,-1
375,2020-06-26 06:05:00,9220.68,9225.0,9214.47,9223.91,425.99,9230.0,9236.380000000001,9241.685,9266.08,9137.6,9242.684196766062,9248.253360423465,9250.987706130652,-1
376,2020-06-26 06:10:00,9223.92,9223.99,9211.06,9216.01,359.41,9230.0,9236.380000000001,9241.685,9266.08,9136.02,9241.73154688156,9247.608493214995,9250.674004730377,-1
377,2020-06-26 06:15:00,9216.54,9220.0,9208.0,9219.41,402.571,9230.0,9236.380000000001,9241.685,9266.08,9143.89,9240.934348778646,9247.044523350694,9250.393610069117,-1
378,2020-06-26 06:20:00,9219.51,9229.0,9219.41,9228.19,437.769,9230.0,9236.380000000001,9241.685,9266.08,9128.81,9240.479193465124,9246.66743288368,9250.194474552802,-1
379,2020-06-26 06:25:00,9228.2,9229.82,9223.04,9228.83,509.198,9230.0,9236.380000000001,9241.685,9266.08,9133.66,9240.06315084137,9246.310684226006,9250.002864915556,-1
380,2020-06-26 06:30:00,9228.84,9232.0,9219.84,9227.22,444.689,9230.0,9236.380000000001,9241.539999999999,9266.08,9113.0,9239.60446688275,9245.928870541486,9249.798534288511,-1
381,2020-06-26 06:35:00,9227.59,9228.89,9215.0,9220.67,473.854,9230.0,9236.380000000001,9241.539999999999,9266.08,9107.61,9238.928235922653,9245.423693130655,9249.537291828525,-1
382,2020-06-26 06:40:00,9220.67,9223.2,9215.0,9223.19,283.03,9230.0,9236.380000000001,9241.539999999999,9266.08,9102.94,9238.366156068272,9244.979019268041,9249.300993247103,-1
383,2020-06-26 06:45:00,9223.2,9224.95,9208.0,9213.37,327.56,9226.26,9230.0,9241.539999999999,9266.08,9113.94,9237.473436208691,9244.34683888268,9248.97874218659,-1
384,2020-06-26 06:50:00,9213.36,9216.45,9209.11,9211.19,260.971,9221.75,9230.0,9241.539999999999,9266.08,9120.8,9236.534742058382,9243.683702105027,9248.63982970061,-1
385,2020-06-26 06:55:00,9211.19,9214.28,9207.58,9208.45,288.231,9221.75,9230.0,9241.539999999999,9266.08,9124.28,9235.531715556299,9242.979028062926,9248.279382797467,-1
386,2020-06-26 07:00:00,9208.64,9208.65,9185.28,9193.3,1703.297,9216.310000000001,9227.64,9241.039999999999,9266.08,9152.82,9234.023440000718,9241.985447501667,9247.786294162514,-1
387,2020-06-26 07:05:00,9193.02,9193.02,9165.37,9181.58,2289.166,9203.78,9217.685000000001,9240.965,9266.08,9222.19,9232.150460000692,9240.777338551634,9247.192515739533,-1
388,2020-06-26 07:10:00,9181.61,9184.0,9150.0,9174.1,2588.228,9194.855,9210.0,9238.7775,9266.08,9212.18,9230.077229286382,9239.4437917806,9246.53697748178,-1
389,2020-06-26 07:15:00,9174.11,9183.0,9150.0,9154.96,1349.6170000000004,9191.0,9210.0,9241.529999999999,9266.08,9223.92,9227.394471097583,9237.754115944988,9245.715659298086,-1
390,2020-06-26 07:20:00,9154.96,9156.64,9120.0,9120.0,4578.959,9176.0,9195.0,9243.0525,9266.08,9209.88,9223.55895427267,9235.399033626089,9244.588164595862,-1
391,2020-06-26 07:25:00,9120.0,9149.0,9115.19,9139.02,2694.855,9173.595000000001,9192.595000000001,9243.0525,9266.08,9212.37,9220.539705905789,9233.471452953567,9243.641364913386,-1
392,2020-06-26 07:30:00,9139.02,9139.02,9115.18,9120.27,2128.458,9173.59,9192.59,9243.0525,9266.08,9230.73,9216.958644980583,9231.207423894495,9242.53489527291,-1
393,2020-06-26 07:35:00,9120.26,9146.33,9108.05,9132.61,2829.4390000000008,9170.025,9189.025,9243.539999999999,9266.08,9238.75,9213.946193374133,9229.235475416606,9241.549021772702,-1
394,2020-06-26 07:40:00,9132.61,9147.05,9120.7,9145.45,1359.678,9170.025,9189.025,9243.539999999999,9266.08,9226.05,9211.499900753628,9227.559765908274,9240.687147137969,-1
395,2020-06-26 07:45:00,9145.45,9174.32,9138.31,9138.94,2741.919000000001,9170.025,9189.025,9237.189999999999,9266.08,9228.9,9208.908475726714,9225.78737059011,9239.774616670364,-1
396,2020-06-26 07:50:00,9138.93,9145.89,9130.0,9130.0,1009.449,9170.025,9189.025,9241.96,9266.08,9224.78,9206.090315879332,9223.871623178307,9238.790090960316,-1
397,2020-06-26 07:55:00,9130.0,9143.91,9087.04,9143.88,3344.453,9159.52,9178.52,9241.96,9266.08,9224.88,9203.86851888364,9222.271790714742,9237.938879382196,-1
398,2020-06-26 08:00:00,9143.66,9158.0,9121.33,9155.0,2042.233,9159.52,9178.52,9241.96,9266.08,9220.94,9202.123214637797,9220.926354900446,9237.195032930336,-1
399,2020-06-26 08:05:00,9155.0,9165.0,9147.01,9155.33,1204.354,9159.52,9178.52,9241.96,9266.08,9212.54,9200.452028400732,9219.614427802437,9236.46081738836,-1
400,2020-06-26 08:10:00,9155.33,9156.49,9132.96,9136.87,983.992,9157.965,9178.52,9241.96,9266.08,9203.84,9198.181241672135,9217.959539246387,9235.567626201022,-1
401,2020-06-26 08:15:00,9136.88,9155.52,9134.54,9153.99,772.585,9155.995,9178.52,9241.96,9266.08,9206.01,9196.602983040986,9216.680148461459,9234.835988297873,-1
402,2020-06-26 08:20:00,9154.0,9154.0,9135.1,9146.82,564.35,9155.995,9178.52,9241.96,9266.08,9213.66,9194.825019360951,9215.28294549223,9234.046607236905,-1
403,2020-06-26 08:25:00,9146.81,9146.81,9128.37,9133.18,706.336,9151.745,9178.52,9241.96,9266.08,9219.97,9192.62341152663,9213.640886582385,9233.141973988144,-1
404,2020-06-26 08:30:00,9133.17,9134.8,9112.59,9124.72,1172.561,9150.66,9178.52,9234.985,9266.08,9211.98,9190.198289686394,9211.862468850737,9232.1695796026,-1
405,2020-06-26 08:35:00,9124.72,9139.67,9122.01,9137.6,753.98,9147.845000000001,9178.52,9233.19,9266.08,9215.26,9188.319779340452,9210.377219473723,9231.321421938,-1
406,2020-06-26 08:40:00,9137.61,9143.49,9136.01,9136.02,471.499,9140.03,9178.52,9233.19,9266.08,9202.18,9186.451930078292,9208.890075084248,9230.466700665014,-1
407,2020-06-26 08:45:00,9136.02,9143.96,9135.0,9143.89,229.658,9135.52,9178.52,9233.19,9266.08,9201.05,9184.931861146924,9207.590073582563,9229.690228013309,-1
408,2020-06-26 08:50:00,9143.9,9146.97,9106.0,9128.81,1365.814,9135.02,9178.52,9233.19,9266.08,9200.15,9182.927508963105,9206.014472110912,9228.785472605117,-1
409,2020-06-26 08:55:00,9128.82,9136.24,9120.23,9133.66,546.5980000000002,9130.68,9178.52,9233.19,9266.08,9188.07,9181.167955071565,9204.567382668693,9227.932329353052,-1
410,2020-06-26 09:00:00,9133.66,9133.67,9112.85,9113.0,1172.298,9130.68,9178.52,9233.19,9266.08,9193.01,9178.733385247582,9202.73603501532,9226.901546130155,-1
411,2020-06-26 09:05:00,9112.99,9123.41,9093.59,9107.61,2271.768,9130.68,9178.52,9233.19,9266.08,9176.41,9176.193264345882,9200.833514315013,9225.831666792665,-1
412,2020-06-26 09:10:00,9107.38,9116.67,9100.47,9102.94,871.332,9130.68,9178.52,9233.19,9266.08,9162.81,9173.57707633353,9198.875644028712,9224.729499377485,-1
413,2020-06-26 09:15:00,9102.94,9128.0,9088.02,9113.94,2095.273,9130.68,9178.52,9228.130000000001,9266.08,9171.27,9171.447180750189,9197.176931148138,9223.735871580377,-1
414,2020-06-26 09:20:00,9113.94,9125.29,9112.1,9120.8,845.9839999999998,9130.68,9178.52,9225.875,9266.08,9179.52,9169.638352866254,9195.649392525174,9222.81267990701,-1
415,2020-06-26 09:25:00,9120.79,9124.99,9113.0,9124.28,371.587,9126.02,9178.52,9225.875,9266.08,9188.0,9168.01841169246,9194.222004674672,9221.928978741926,-1
416,2020-06-26 09:30:00,9124.69,9152.82,9116.0,9152.82,1656.035,9126.02,9178.52,9221.975,9266.08,9190.01,9167.475611274871,9193.393964581177,9221.309167273386,-1
417,2020-06-26 09:35:00,9152.81,9233.41,9149.06,9222.19,6852.536999999998,9160.715,9178.52,9210.732500000002,9258.135,9197.0,9169.429696586483,9193.969885289553,9221.317067118467,1
418,2020-06-26 09:40:00,9222.51,9239.0,9212.0,9212.18,3282.036,9163.51,9178.52,9202.4275,9250.45,9210.39,9170.956493136966,9194.334087583762,9221.235120328167,1
419,2020-06-26 09:45:00,9212.17,9230.0,9212.17,9223.92,1705.711,9163.51,9178.52,9200.5,9236.795,9210.14,9172.848046953504,9194.925805832087,9221.25919996648,1
420,2020-06-26 09:50:00,9223.92,9225.92,9208.0,9209.88,1445.9920000000004,9163.51,9178.52,9185.5,9216.994999999999,9210.27,9174.170616705165,9195.224889715444,9221.1571443614,1
421,2020-06-26 09:55:00,9209.88,9215.12,9206.5,9212.37,700.298,9163.51,9178.52,9183.095000000001,9214.59,9207.62,9175.534880394267,9195.567791921136,9221.078335891789,1
422,2020-06-26 10:00:00,9212.38,9234.99,9212.38,9230.73,1253.877,9163.51,9178.52,9183.09,9214.585,9202.13,9177.5061346659,9196.271036082713,9221.164897901728,1
423,2020-06-26 10:05:00,9230.73,9258.88,9229.85,9238.75,2783.5,9173.45,9174.78,9179.525,9211.02,9196.23,9179.69341557069,9197.120615361058,9221.322611821892,1
424,2020-06-26 10:10:00,9238.75,9242.77,9226.04,9226.05,718.5,9173.45,9172.96,9179.525,9211.02,9194.66,9181.349007871737,9197.699203053837,9221.365009922143,1
425,2020-06-26 10:15:00,9226.05,9237.27,9226.0,9228.9,653.905,9173.45,9172.96,9179.525,9211.02,9196.52,9183.047257590604,9198.323218992758,9221.432588308491,1
426,2020-06-26 10:20:00,9228.98,9229.62,9216.14,9224.78,716.0139999999999,9173.45,9172.96,9179.525,9211.02,9213.92,9184.537712676653,9198.852354612904,9221.462609938011,1
427,2020-06-26 10:25:00,9224.78,9230.03,9217.0,9224.88,359.461,9173.45,9172.96,9169.02,9200.515,9206.54,9185.978508652486,9199.372907520647,9221.493259176235,1
428,2020-06-26 10:30:00,9225.0,9226.79,9217.01,9220.94,360.211,9173.45,9172.96,9169.02,9200.515,9217.58,9187.22713334347,9199.804249370232,9221.48829721053,1
429,2020-06-26 10:35:00,9220.95,9222.0,9209.5,9212.54,603.7090000000002,9173.45,9172.96,9169.02,9194.225,9211.96,9188.13116429549,9200.058964382828,9221.408043423888,1
430,2020-06-26 10:40:00,9212.55,9220.0,9203.44,9203.84,763.655,9173.45,9172.96,9168.2425,9192.1,9200.12,9188.692194142079,9200.134585095171,9221.25048249632,1
431,2020-06-26 10:45:00,9203.85,9212.66,9201.01,9206.01,404.291,9173.45,9172.96,9167.2575,9192.1,9200.97,9189.310687208432,9200.252093393266,9221.113796554648,1
432,2020-06-26 10:50:00,9206.0,9215.94,9200.0,9213.66,623.736,9173.45,9172.96,9167.2575,9192.1,9195.41,9190.180305522417,9200.5202515254,9221.046946361332,1
433,2020-06-26 10:55:00,9213.12,9220.0,9209.0,9219.97,311.959,9185.49,9172.96,9165.1325,9192.1,9191.41,9191.244223182332,9200.909246494892,9221.03728764957,1
434,2020-06-26 11:00:00,9219.64,9223.36,9210.6,9211.98,477.234,9185.939999999999,9172.96,9164.59,9192.1,9184.01,9191.984786640105,9201.130661564994,9220.9560563702,1
435,2020-06-26 11:05:00,9211.96,9217.52,9211.95,9215.26,224.472,9187.439999999999,9172.96,9163.1825,9192.1,9189.65,9192.816044260102,9201.413248333694,9220.904970662845,1
436,2020-06-26 11:10:00,9215.26,9215.27,9196.62,9202.18,637.658,9203.97,9172.96,9159.275000000001,9192.1,9170.87,9193.150471250812,9201.428583367022,9220.737033706228,1
437,2020-06-26 11:15:00,9202.19,9205.85,9191.1,9201.05,735.317,9224.99,9172.96,9157.02,9192.1,9186.55,9193.432597277568,9201.421011699682,9220.560468381507,1
438,2020-06-26 11:20:00,9201.04,9205.0,9200.0,9200.15,364.784,9224.99,9172.96,9156.77,9192.1,9181.02,9193.672504517655,9201.395591465689,9220.377414853421,1
439,2020-06-26 11:25:00,9200.15,9201.31,9184.16,9188.07,640.498,9221.52,9172.96,9154.6,9192.1,9151.19,9193.472415070597,9201.129079636374,9220.08766225384,1
440,2020-06-26 11:30:00,9188.05,9197.67,9181.82,9193.01,801.752,9220.349999999999,9172.96,9154.6,9192.1,9137.21,9193.455900246649,9200.966698043645,9219.844813265016,1
441,2020-06-26 11:35:00,9193.01,9193.01,9176.0,9176.41,541.056,9217.439999999999,9172.96,9154.6,9192.1,9149.0,9192.847118094984,9200.475564082773,9219.455263370262,1
442,2020-06-26 11:40:00,9176.54,9183.39,9160.02,9162.81,1444.5279999999998,9209.45,9172.96,9154.6,9192.1,9123.44,9191.774363877306,9199.722252801117,9218.947234102368,-1
443,2020-06-26 11:45:00,9162.82,9183.58,9154.3,9171.27,1467.9129999999998,9198.535,9172.96,9154.6,9192.1,9105.0,9191.042065167403,9199.153207745094,9218.519635590239,-1
444,2020-06-26 11:50:00,9171.32,9179.58,9152.0,9179.52,1053.526,9194.635,9172.96,9154.6,9192.1,9076.73,9190.630562839997,9198.760543590191,9218.169863073736,1
445,2020-06-26 11:55:00,9179.52,9188.0,9177.0,9188.0,816.93,9191.015,9172.96,9152.27,9192.1,9089.01,9190.53661416714,9198.545332718388,9217.899281342134,1
446,2020-06-26 12:00:00,9187.99,9204.39,9187.99,9190.01,1629.604,9191.015,9172.96,9152.27,9192.1,9079.02,9190.517806518314,9198.37462606402,9217.649153258348,1
447,2020-06-26 12:05:00,9190.0,9197.0,9181.68,9197.0,672.01,9189.395,9172.96,9169.6175,9192.1,9065.43,9190.749313428374,9198.34713354274,9217.463959058721,1
448,2020-06-26 12:10:00,9197.0,9215.0,9197.0,9210.39,1326.234,9187.68,9172.96,9171.015,9192.1,9074.96,9191.450766520216,9198.587990871885,9217.40051547972,1
449,2020-06-26 12:15:00,9210.4,9214.97,9194.59,9210.14,890.877,9187.68,9172.96,9171.015,9192.1,9081.53,9192.118239144495,9198.819031054447,9217.33539874896,1
450,2020-06-26 12:20:00,9210.23,9220.0,9208.44,9210.27,602.566,9187.68,9172.96,9171.015,9192.1,9081.69,9192.766516317904,9199.04805043336,9217.272031944038,1
451,2020-06-26 12:25:00,9210.15,9214.69,9205.0,9207.62,342.081,9187.68,9172.96,9171.015,9192.1,9086.35,9193.29699787798,9199.219489424693,9217.185466635123,1
452,2020-06-26 12:30:00,9207.83,9213.94,9202.13,9202.13,374.821,9187.68,9172.96,9171.015,9192.1,9178.0,9193.61246223948,9199.277699636199,9217.05044002853,1
453,2020-06-26 12:35:00,9202.13,9202.95,9193.19,9196.23,488.648,9187.68,9172.96,9174.115000000002,9192.1,9163.36,9193.705945730928,9199.216745643474,9216.863709624688,1
454,2020-06-26 12:40:00,9196.23,9196.23,9190.34,9194.66,313.251,9186.0,9172.96,9173.205,9192.1,9165.99,9193.74001909768,9199.125610730605,9216.664573215496,1
455,2020-06-26 12:45:00,9194.66,9199.0,9187.04,9196.52,425.45,9186.0,9172.96,9173.205,9192.1,9145.64,9193.839304129906,9199.073498515992,9216.483904397419,1
456,2020-06-26 12:50:00,9196.63,9215.0,9195.93,9213.92,603.896,9186.0,9172.96,9173.205,9192.1,9148.75,9194.556471839553,9199.370428545672,9216.460909739146,1
457,2020-06-26 12:55:00,9213.88,9213.91,9204.0,9206.54,346.699,9186.0,9173.45,9173.205,9192.1,9136.48,9194.98445498814,9199.513819974758,9216.371932970185,1
458,2020-06-26 13:00:00,9206.53,9233.14,9204.0,9217.58,1550.81,9192.57,9173.45,9173.205,9192.1,9136.39,9195.791438738563,9199.875143575262,9216.382767652067,1
459,2020-06-26 13:05:00,9218.0,9218.95,9210.0,9211.96,504.064,9192.57,9173.45,9173.205,9192.1,9155.44,9196.368887355044,9200.116840703757,9216.34310157447,1
460,2020-06-26 13:10:00,9211.94,9212.12,9193.21,9200.12,503.759,9192.57,9173.45,9173.205,9192.1,9148.52,9196.502855663792,9200.11690388968,9216.19760290564,1
461,2020-06-26 13:15:00,9200.12,9201.44,9195.0,9200.97,393.9980000000001,9192.57,9173.45,9173.205,9192.1,9135.21,9196.662396532944,9200.133965811887,9216.061032475995,1
462,2020-06-26 13:20:00,9200.83,9200.84,9190.0,9195.41,479.47,9192.57,9173.45,9173.205,9192.1,9140.16,9196.617668085339,9200.039486495649,9215.875821422398,1
463,2020-06-26 13:25:00,9195.41,9203.12,9184.0,9191.41,999.988,9192.57,9173.45,9179.224999999999,9192.1,9148.85,9196.431679939433,9199.866896765736,9215.656397015022,1
464,2020-06-26 13:30:00,9192.0,9193.34,9179.17,9184.01,695.447,9205.07,9173.45,9179.449999999999,9188.490000000002,9146.38,9195.988048513025,9199.549758830422,9215.372572826547,1
465,2020-06-26 13:35:00,9184.0,9199.9,9184.0,9189.65,307.887,9206.154999999999,9173.45,9180.199999999999,9184.900000000001,9122.6,9195.76168963756,9199.351763653813,9215.141877106129,1
466,2020-06-26 13:40:00,9189.66,9189.66,9170.01,9170.87,683.711,9201.575,9173.45,9188.465,9184.900000000001,9120.0,9194.872700721933,9198.782128380737,9214.744819912352,-1
467,2020-06-26 13:45:00,9170.87,9188.1,9166.88,9186.55,881.051,9200.009999999998,9173.45,9198.974999999999,9184.900000000001,9092.3,9194.575461410435,9198.537485813122,9214.49195157233,1
468,2020-06-26 13:50:00,9186.66,9186.9,9180.01,9181.02,299.215,9200.009999999998,9173.45,9198.974999999999,9184.900000000001,9111.22,9194.091337788634,9198.18713609686,9214.191754697242,1
469,2020-06-26 13:55:00,9181.21,9181.23,9141.85,9151.19,2416.431,9187.494999999999,9173.45,9197.24,9184.900000000001,9118.95,9192.559147153326,9197.247193374924,9213.626716538522,-1
470,2020-06-26 14:00:00,9151.2,9156.43,9125.96,9137.21,2330.292,9179.55,9173.45,9196.654999999999,9184.900000000001,,9190.582391897851,9196.046449507425,9212.941364820686,-1
471,2020-06-26 14:05:00,9137.41,9156.4,9136.0,9149.0,987.546,9179.55,9173.45,9195.199999999999,9184.900000000001,,9189.097306472928,9195.105520517276,9212.367899665343,-1
472,2020-06-26 14:10:00,9149.0,9149.81,9102.45,9123.44,3642.578,9167.795,9173.45,9191.205,9184.900000000001,,9186.752402670323,9193.672210106932,9211.570340027089,-1
473,2020-06-26 14:15:00,9123.73,9134.56,9101.9,9105.0,2393.731,9167.52,9180.39,9185.7475,9178.52,,9183.832674003525,9191.898765904793,9210.614552224155,-1
474,2020-06-26 14:20:00,9105.0,9108.3,9050.0,9076.73,8361.551,9141.57,9154.439999999999,9183.7975,9178.52,,9180.007578503399,9189.595390586697,9209.413793908243,-1
475,2020-06-26 14:25:00,9076.73,9098.41,9038.52,9089.01,4729.491,9135.83,9148.7,9181.9875,9178.52,,9176.75766498542,9187.583682774963,9208.333939254357,-1
476,2020-06-26 14:30:00,9089.0,9104.0,9074.3,9079.02,3235.566,9135.83,9148.7,9181.9875,9178.52,,9173.267034093084,9185.412409119464,9207.174172983017,-1
477,2020-06-26 14:35:00,9079.01,9088.61,9057.6,9065.43,2061.239,9135.83,9148.7,9181.1775,9178.52,,9169.415711446902,9183.012760937076,9205.90292479483,-1
478,2020-06-26 14:40:00,9065.72,9075.0,9050.0,9074.96,2153.216,9128.735,9148.7,9180.32,9178.52,,9166.04229318094,9180.851705718334,9204.7285487877,-1
479,2020-06-26 14:45:00,9074.86,9101.0,9069.0,9081.53,1994.478,9125.32,9148.7,9180.32,9178.52,,9163.023996995908,9178.865271603969,9203.62362906763,-1
480,2020-06-26 14:50:00,9081.6,9096.81,9069.5,9081.69,1263.224,9120.82,9148.7,9180.32,9178.52,,9160.119211388912,9176.921766171889,9202.530053919041,-1
481,2020-06-26 14:55:00,9081.99,9094.71,9061.72,9086.35,1468.733,9120.82,9148.7,9180.32,9178.52,,9157.484596696451,9175.11033084845,9201.488080341293,-1
482,2020-06-26 15:00:00,9086.36,9210.0,9077.16,9178.0,10370.945,9124.26,9148.7,9180.32,9178.52,,9158.217289671578,9175.16812423148,9201.277424912221,1
483,2020-06-26 15:05:00,9178.0,9184.42,9160.06,9163.36,2822.986,9124.26,9140.645,9180.32,9178.52,,9158.400957897595,9174.931961746852,9200.93735832108,1
484,2020-06-26 15:10:00,9163.37,9168.4,9145.0,9165.99,2020.983,9124.26,9137.895,9179.48,9178.52,,9158.67199511554,9174.753122511915,9200.62392909847,1
485,2020-06-26 15:15:00,9165.99,9169.44,9129.0,9145.64,1875.338,9124.26,9135.83,9179.48,9178.52,,9158.206566718554,9174.170860061677,9200.130799689514,1
486,2020-06-26 15:20:00,9145.64,9155.0,9133.0,9148.75,1006.53,9124.26,9135.83,9179.48,9178.52,,9157.868832192891,9173.662442860443,9199.669985342522,1
487,2020-06-26 15:25:00,9148.96,9157.92,9130.01,9136.48,1537.506,9124.26,9135.83,9179.725,9178.52,,9157.10494532886,9172.918794003233,9199.103259016578,1
488,2020-06-26 15:30:00,9136.48,9156.37,9135.53,9136.39,1084.9589999999996,9124.26,9135.83,9183.01,9178.52,,9156.365125852828,9172.188218123169,9198.540808263066,1
489,2020-06-26 15:35:00,9136.39,9161.79,9135.81,9155.44,952.853,9124.26,9135.83,9183.01,9178.52,,9156.332085643799,9171.853253760704,9198.154253928866,1
490,2020-06-26 15:40:00,9155.44,9157.77,9143.45,9148.52,701.328,9124.26,9135.83,9183.01,9178.52,,9156.053082585091,9171.386588685491,9197.709103669415,1
491,2020-06-26 15:45:00,9148.52,9148.53,9135.2,9135.21,579.899,9124.26,9135.83,9183.01,9178.52,,9155.30868677848,9170.66305691178,9197.148573591661,-1
492,2020-06-26 15:50:00,9135.2,9149.32,9122.22,9140.16,976.035,9124.26,9135.83,9183.01,9178.52,,9154.767662250677,9170.052995773545,9196.637465308328,1
493,2020-06-26 15:55:00,9140.16,9148.85,9133.96,9148.85,578.82,9124.26,9135.83,9183.01,9178.52,,9154.556317170294,9169.628935858074,9196.208878175517,1
494,2020-06-26 16:00:00,9148.85,9154.43,9134.5,9146.38,1011.41,9124.26,9135.83,9189.26,9178.52,,9154.264305842784,9169.163957140914,9195.761982407126,1
495,2020-06-26 16:05:00,9146.65,9147.49,9113.0,9122.6,1207.577,9130.0,9135.83,9189.8025,9178.52,,9153.133437776969,9168.232677998096,9195.105821129931,-1
496,2020-06-26 16:10:00,9122.8,9133.15,9117.27,9120.0,704.431,9130.0,9135.83,9187.5125,9178.52,,9151.950100713506,9167.268024438134,9194.43222632159,-1
497,2020-06-26 16:15:00,9120.0,9127.63,9087.42,9092.3,2104.382,9130.0,9135.83,9186.73,9178.52,,9149.819739973738,9165.76866394937,9193.51624222902,-1
498,2020-06-26 16:20:00,9092.47,9114.72,9090.3,9111.22,1519.392,9135.86,9135.83,9186.73,9178.52,,9148.441177831819,9164.677690670382,9192.778159339072,-1
499,2020-06-26 16:25:00,9113.5,9127.0,9112.6,9118.95,38.786953000000004,9135.86,9135.83,9180.4725,9178.52,,9147.387921480682,9163.763136856975,9192.116023380873,-1
